0.1219107781364525,0.42785069112064356,0.09955357818606113,-0.007428284212640293,0.1276442341366191,0.38741433192870844,0.19023062786371378,0.0847661743761773,0.1771734700965919,0.4846737039335466,0.16277398441999968,-0.0348550797330507,1.49,-0.07577011233850173,0.15126975211862168,-0.1970695587115588
0.1219107781364525,0.42785069112064356,0.09955357818606113,-0.007428284212640293,0.1276442341366191,0.38741433192870844,0.19023062786371378,0.0847661743761773,0.1771734700965919,0.4846737039335466,0.16277398441999968,-0.0348550797330507,1.49,-0.07577011233850173,0.15126975211862168,-0.1970695587115588
0.1219107781364525,0.42785069112064356,0.09955357818606113,-0.007428284212640293,0.1276442341366191,0.38741433192870844,0.19023062786371378,0.0847661743761773,0.1771734700965919,0.4846737039335466,0.16277398441999968,-0.0348550797330507,1.49,-0.07577011233850173,0.15126975211862168,-0.1970695587115588
0.1219107781364525,0.42785069112064356,0.09955357818606113,-0.007428284212640293,0.1276442341366191,0.38741433192870844,0.19023062786371378,0.0847661743761773,0.1771734700965919,0.4846737039335466,0.16277398441999968,-0.0348550797330507,1.49,-0.07577011233850173,0.15126975211862168,-0.1970695587115588
0.1219107781364525,0.42785069112064356,0.09955357818606113,-0.007428284212640293,0.1276442341366191,0.38741433192870844,0.19023062786371378,0.0847661743761773,0.1771734700965919,0.4846737039335466,0.16277398441999968,-0.0348550797330507,1.49,-0.07577011233850173,0.15126975211862168,-0.1970695587115588
0.1219107781364525,0.42785069112064356,0.09955357818606113,-0.007428284212640293,0.1276442341366191,0.38741433192870844,0.19023062786371378,0.0847661743761773,0.1771734700965919,0.4846737039335466,0.16277398441999968,-0.0348550797330507,1.49,-0.07577011233850173,0.15126975211862168,-0.1970695587115588
0.1219107781364525,0.42785069112064356,0.09955357818606113,-0.007428284212640293,0.1276442341366191,0.38741433192870844,0.19023062786371378,0.0847661743761773,0.1771734700965919,0.4846737039335466,0.16277398441999968,-0.0348550797330507,1.49,-0.07577011233850173,0.15126975211862168,-0.1970695587115588
0.1219107781364525,0.42785069112064356,0.09955357818606113,-0.007428284212640293,0.1276442341366191,0.38741433192870844,0.19023062786371378,0.0847661743761773,0.1771734700965919,0.4846737039335466,0.16277398441999968,-0.0348550797330507,1.49,-0.07577011233850173,0.15126975211862168,-0.1970695587115588
0.1219107781364525,0.42785069112064356,0.09955357818606113,-0.007428284212640293,0.1276442341366191,0.38741433192870844,0.19023062786371378,0.0847661743761773,0.1771734700965919,0.4846737039335466,0.16277398441999968,-0.0348550797330507,1.49,-0.07577011233850173,0.15126975211862168,-0.1970695587115588
0.1219107781364525,0.42785069112064356,0.09955357818606113,-0.007428284212640293,0.1276442341366191,0.38741433192870844,0.19023062786371378,0.0847661743761773,0.1771734700965919,0.4846737039335466,0.16277398441999968,-0.0348550797330507,1.49,-0.07577011233850173,0.15126975211862168,-0.1970695587115588
0.12194436589966205,0.4282982609053143,0.09948487486313734,-0.007554258351261972,0.12810221372935746,0.386965033180093,0.1903453977962274,0.08568766643177378,0.17706921320595603,0.4848593234364892,0.16262546203065203,-0.03495984772430587,1.49,-0.0761841001853772,0.15098150998687965,-0.1967680822547337
0.12194436589966205,0.4282982609053143,0.09948487486313734,-0.007554258351261972,0.12810221372935746,0.386965033180093,0.1903453977962274,0.08568766643177378,0.17706921320595603,0.4848593234364892,0.16262546203065203,-0.03495984772430587,1.49,-0.0761841001853772,0.15098150998687965,-0.1967680822547337
0.12194436589966205,0.4282982609053143,0.09948487486313734,-0.007554258351261972,0.12810221372935746,0.386965033180093,0.1903453977962274,0.08568766643177378,0.17706921320595603,0.4848593234364892,0.16262546203065203,-0.03495984772430587,1.49,-0.0761841001853772,0.15098150998687965,-0.1967680822547337
0.12194436589966205,0.4282982609053143,0.09948487486313734,-0.007554258351261972,0.12810221372935746,0.386965033180093,0.1903453977962274,0.08568766643177378,0.17706921320595603,0.4848593234364892,0.16262546203065203,-0.03495984772430587,1.49,-0.0761841001853772,0.15098150998687965,-0.1967680822547337
0.12194436589966205,0.4282982609053143,0.09948487486313734,-0.007554258351261972,0.12810221372935746,0.386965033180093,0.1903453977962274,0.08568766643177378,0.17706921320595603,0.4848593234364892,0.16262546203065203,-0.03495984772430587,1.49,-0.0761841001853772,0.15098150998687965,-0.1967680822547337
0.12194436589966205,0.4282982609053143,0.09948487486313734,-0.007554258351261972,0.12810221372935746,0.386965033180093,0.1903453977962274,0.08568766643177378,0.17706921320595603,0.4848593234364892,0.16262546203065203,-0.03495984772430587,1.49,-0.0761841001853772,0.15098150998687965,-0.1967680822547337
0.12194436589966205,0.4282982609053143,0.09948487486313734,-0.007554258351261972,0.12810221372935746,0.386965033180093,0.1903453977962274,0.08568766643177378,0.17706921320595603,0.4848593234364892,0.16262546203065203,-0.03495984772430587,1.49,-0.0761841001853772,0.15098150998687965,-0.1967680822547337
0.12194436589966205,0.4282982609053143,0.09948487486313734,-0.007554258351261972,0.12810221372935746,0.386965033180093,0.1903453977962274,0.08568766643177378,0.17706921320595603,0.4848593234364892,0.16262546203065203,-0.03495984772430587,1.49,-0.0761841001853772,0.15098150998687965,-0.1967680822547337
0.12194436589966205,0.4282982609053143,0.09948487486313734,-0.007554258351261972,0.12810221372935746,0.386965033180093,0.1903453977962274,0.08568766643177378,0.17706921320595603,0.4848593234364892,0.16262546203065203,-0.03495984772430587,1.49,-0.0761841001853772,0.15098150998687965,-0.1967680822547337
0.12194436589966205,0.4282982609053143,0.09948487486313734,-0.007554258351261972,0.12810221372935746,0.386965033180093,0.1903453977962274,0.08568766643177378,0.17706921320595603,0.4848593234364892,0.16262546203065203,-0.03495984772430587,1.49,-0.0761841001853772,0.15098150998687965,-0.1967680822547337
0.12211155514910366,0.42824793521387267,0.09927092559563169,-0.007934178224533892,0.12760607874572003,0.38740366135922344,0.1901769963811313,0.08623144331765525,0.1765307155260264,0.484615694124691,0.16199757945053792,-0.03507282284385863,1.49,-0.07629896389082999,0.1498466047923724,-0.1971121980602211
0.12211155514910366,0.42824793521387267,0.09927092559563169,-0.007934178224533892,0.12760607874572003,0.38740366135922344,0.1901769963811313,0.08623144331765525,0.1765307155260264,0.484615694124691,0.16199757945053792,-0.03507282284385863,1.49,-0.07629896389082999,0.1498466047923724,-0.1971121980602211
0.12211155514910366,0.42824793521387267,0.09927092559563169,-0.007934178224533892,0.12760607874572003,0.38740366135922344,0.1901769963811313,0.08623144331765525,0.1765307155260264,0.484615694124691,0.16199757945053792,-0.03507282284385863,1.49,-0.07629896389082999,0.1498466047923724,-0.1971121980602211
0.12211155514910366,0.42824793521387267,0.09927092559563169,-0.007934178224533892,0.12760607874572003,0.38740366135922344,0.1901769963811313,0.08623144331765525,0.1765307155260264,0.484615694124691,0.16199757945053792,-0.03507282284385863,1.49,-0.07629896389082999,0.1498466047923724,-0.1971121980602211
0.12211155514910366,0.42824793521387267,0.09927092559563169,-0.007934178224533892,0.12760607874572003,0.38740366135922344,0.1901769963811313,0.08623144331765525,0.1765307155260264,0.484615694124691,0.16199757945053792,-0.03507282284385863,1.49,-0.07629896389082999,0.1498466047923724,-0.1971121980602211
0.12211155514910366,0.42824793521387267,0.09927092559563169,-0.007934178224533892,0.12760607874572003,0.38740366135922344,0.1901769963811313,0.08623144331765525,0.1765307155260264,0.484615694124691,0.16199757945053792,-0.03507282284385863,1.49,-0.07629896389082999,0.1498466047923724,-0.1971121980602211
0.12211155514910366,0.42824793521387267,0.09927092559563169,-0.007934178224533892,0.12760607874572003,0.38740366135922344,0.1901769963811313,0.08623144331765525,0.1765307155260264,0.484615694124691,0.16199757945053792,-0.03507282284385863,1.49,-0.07629896389082999,0.1498466047923724,-0.1971121980602211
0.12211155514910366,0.42824793521387267,0.09927092559563169,-0.007934178224533892,0.12760607874572003,0.38740366135922344,0.1901769963811313,0.08623144331765525,0.1765307155260264,0.484615694124691,0.16199757945053792,-0.03507282284385863,1.49,-0.07629896389082999,0.1498466047923724,-0.1971121980602211
0.12211155514910366,0.42824793521387267,0.09927092559563169,-0.007934178224533892,0.12760607874572003,0.38740366135922344,0.1901769963811313,0.08623144331765525,0.1765307155260264,0.484615694124691,0.16199757945053792,-0.03507282284385863,1.49,-0.07629896389082999,0.1498466047923724,-0.1971121980602211
0.12211155514910366,0.42824793521387267,0.09927092559563169,-0.007934178224533892,0.12760607874572003,0.38740366135922344,0.1901769963811313,0.08623144331765525,0.1765307155260264,0.484615694124691,0.16199757945053792,-0.03507282284385863,1.49,-0.07629896389082999,0.1498466047923724,-0.1971121980602211
0.12182992419482201,0.4280119209767632,0.09962957645172785,-0.0069917819250808755,0.12725377803879473,0.38673370114142963,0.1903622159149248,0.08571561262127753,0.17543379367708412,0.4848503312504852,0.1633565168975914,-0.03498409316410204,1.49,-0.07665581928043749,0.14860552729386844,-0.19740034358049943
0.12182992419482201,0.4280119209767632,0.09962957645172785,-0.0069917819250808755,0.12725377803879473,0.38673370114142963,0.1903622159149248,0.08571561262127753,0.17543379367708412,0.4848503312504852,0.1633565168975914,-0.03498409316410204,1.49,-0.07665581928043749,0.14860552729386844,-0.19740034358049943
0.12182992419482201,0.4280119209767632,0.09962957645172785,-0.0069917819250808755,0.12725377803879473,0.38673370114142963,0.1903622159149248,0.08571561262127753,0.17543379367708412,0.4848503312504852,0.1633565168975914,-0.03498409316410204,1.49,-0.07665581928043749,0.14860552729386844,-0.19740034358049943
0.12182992419482201,0.4280119209767632,0.09962957645172785,-0.0069917819250808755,0.12725377803879473,0.38673370114142963,0.1903622159149248,0.08571561262127753,0.17543379367708412,0.4848503312504852,0.1633565168975914,-0.03498409316410204,1.49,-0.07665581928043749,0.14860552729386844,-0.19740034358049943
0.12182992419482201,0.4280119209767632,0.09962957645172785,-0.0069917819250808755,0.12725377803879473,0.38673370114142963,0.1903622159149248,0.08571561262127753,0.17543379367708412,0.4848503312504852,0.1633565168975914,-0.03498409316410204,1.49,-0.07665581928043749,0.14860552729386844,-0.19740034358049943
0.12182992419482201,0.4280119209767632,0.09962957645172785,-0.0069917819250808755,0.12725377803879473,0.38673370114142963,0.1903622159149248,0.08571561262127753,0.17543379367708412,0.4848503312504852,0.1633565168975914,-0.03498409316410204,1.49,-0.07665581928043749,0.14860552729386844,-0.19740034358049943
0.12182992419482201,0.4280119209767632,0.09962957645172785,-0.0069917819250808755,0.12725377803879473,0.38673370114142963,0.1903622159149248,0.08571561262127753,0.17543379367708412,0.4848503312504852,0.1633565168975914,-0.03498409316410204,1.49,-0.07665581928043749,0.14860552729386844,-0.19740034358049943
0.12182992419482201,0.4280119209767632,0.09962957645172785,-0.0069917819250808755,0.12725377803879473,0.38673370114142963,0.1903622159149248,0.08571561262127753,0.17543379367708412,0.4848503312504852,0.1633565168975914,-0.03498409316410204,1.49,-0.07665581928043749,0.14860552729386844,-0.19740034358049943
0.12182992419482201,0.4280119209767632,0.09962957645172785,-0.0069917819250808755,0.12725377803879473,0.38673370114142963,0.1903622159149248,0.08571561262127753,0.17543379367708412,0.4848503312504852,0.1633565168975914,-0.03498409316410204,1.49,-0.07665581928043749,0.14860552729386844,-0.19740034358049943
0.12182992419482201,0.4280119209767632,0.09962957645172785,-0.0069917819250808755,0.12725377803879473,0.38673370114142963,0.1903622159149248,0.08571561262127753,0.17543379367708412,0.4848503312504852,0.1633565168975914,-0.03498409316410204,1.49,-0.07665581928043749,0.14860552729386844,-0.19740034358049943
0.12560138796160608,0.42842697828362114,0.09996630556510058,-0.00755729013501036,0.1273885546061726,0.3878005713658414,0.19108902942569572,0.08561756507565459,0.17815188773362978,0.48440533382328055,0.16178020640162044,-0.03472255508892494,1.49,-0.0762620207213473,0.14833812847908207,-0.1967805526111004
0.12560138796160608,0.42842697828362114,0.09996630556510058,-0.00755729013501036,0.1273885546061726,0.3878005713658414,0.19108902942569572,0.08561756507565459,0.17815188773362978,0.48440533382328055,0.16178020640162044,-0.03472255508892494,1.49,-0.0762620207213473,0.14833812847908207,-0.1967805526111004
0.12560138796160608,0.42842697828362114,0.09996630556510058,-0.00755729013501036,0.1273885546061726,0.3878005713658414,0.19108902942569572,0.08561756507565459,0.17815188773362978,0.48440533382328055,0.16178020640162044,-0.03472255508892494,1.49,-0.0762620207213473,0.14833812847908207,-0.1967805526111004
0.12560138796160608,0.42842697828362114,0.09996630556510058,-0.00755729013501036,0.1273885546061726,0.3878005713658414,0.19108902942569572,0.08561756507565459,0.17815188773362978,0.48440533382328055,0.16178020640162044,-0.03472255508892494,1.49,-0.0762620207213473,0.14833812847908207,-0.1967805526111004
0.12560138796160608,0.42842697828362114,0.09996630556510058,-0.00755729013501036,0.1273885546061726,0.3878005713658414,0.19108902942569572,0.08561756507565459,0.17815188773362978,0.48440533382328055,0.16178020640162044,-0.03472255508892494,1.49,-0.0762620207213473,0.14833812847908207,-0.1967805526111004
0.12560138796160608,0.42842697828362114,0.09996630556510058,-0.00755729013501036,0.1273885546061726,0.3878005713658414,0.19108902942569572,0.08561756507565459,0.17815188773362978,0.48440533382328055,0.16178020640162044,-0.03472255508892494,1.49,-0.0762620207213473,0.14833812847908207,-0.1967805526111004
0.12560138796160608,0.42842697828362114,0.09996630556510058,-0.00755729013501036,0.1273885546061726,0.3878005713658414,0.19108902942569572,0.08561756507565459,0.17815188773362978,0.48440533382328055,0.16178020640162044,-0.03472255508892494,1.49,-0.0762620207213473,0.14833812847908207,-0.1967805526111004
0.12560138796160608,0.42842697828362114,0.09996630556510058,-0.00755729013501036,0.1273885546061726,0.3878005713658414,0.19108902942569572,0.08561756507565459,0.17815188773362978,0.48440533382328055,0.16178020640162044,-0.03472255508892494,1.49,-0.0762620207213473,0.14833812847908207,-0.1967805526111004
0.12560138796160608,0.42842697828362114,0.09996630556510058,-0.00755729013501036,0.1273885546061726,0.3878005713658414,0.19108902942569572,0.08561756507565459,0.17815188773362978,0.48440533382328055,0.16178020640162044,-0.03472255508892494,1.49,-0.0762620207213473,0.14833812847908207,-0.1967805526111004
0.12560138796160608,0.42842697828362114,0.09996630556510058,-0.00755729013501036,0.1273885546061726,0.3878005713658414,0.19108902942569572,0.08561756507565459,0.17815188773362978,0.48440533382328055,0.16178020640162044,-0.03472255508892494,1.49,-0.0762620207213473,0.14833812847908207,-0.1967805526111004
0.11806158943966821,0.4285675057108949,0.09917414226600649,-0.007512687891269115,0.12569830798140394,0.3875643342367814,0.19118541371915815,0.0861486902382034,0.17543196878632783,0.4846011616688664,0.16233681260954713,-0.035178633249466046,1.49,-0.07636637182480165,0.14168267595871803,-0.19666990559326325
0.11806158943966821,0.4285675057108949,0.09917414226600649,-0.007512687891269115,0.12569830798140394,0.3875643342367814,0.19118541371915815,0.0861486902382034,0.17543196878632783,0.4846011616688664,0.16233681260954713,-0.035178633249466046,1.49,-0.07636637182480165,0.14168267595871803,-0.19666990559326325
0.11806158943966821,0.4285675057108949,0.09917414226600649,-0.007512687891269115,0.12569830798140394,0.3875643342367814,0.19118541371915815,0.0861486902382034,0.17543196878632783,0.4846011616688664,0.16233681260954713,-0.035178633249466046,1.49,-0.07636637182480165,0.14168267595871803,-0.19666990559326325
0.11806158943966821,0.4285675057108949,0.09917414226600649,-0.007512687891269115,0.12569830798140394,0.3875643342367814,0.19118541371915815,0.0861486902382034,0.17543196878632783,0.4846011616688664,0.16233681260954713,-0.035178633249466046,1.49,-0.07636637182480165,0.14168267595871803,-0.19666990559326325
0.11806158943966821,0.4285675057108949,0.09917414226600649,-0.007512687891269115,0.12569830798140394,0.3875643342367814,0.19118541371915815,0.0861486902382034,0.17543196878632783,0.4846011616688664,0.16233681260954713,-0.035178633249466046,1.49,-0.07636637182480165,0.14168267595871803,-0.19666990559326325
0.11806158943966821,0.4285675057108949,0.09917414226600649,-0.007512687891269115,0.12569830798140394,0.3875643342367814,0.19118541371915815,0.0861486902382034,0.17543196878632783,0.4846011616688664,0.16233681260954713,-0.035178633249466046,1.49,-0.07636637182480165,0.14168267595871803,-0.19666990559326325
0.11806158943966821,0.4285675057108949,0.09917414226600649,-0.007512687891269115,0.12569830798140394,0.3875643342367814,0.19118541371915815,0.0861486902382034,0.17543196878632783,0.4846011616688664,0.16233681260954713,-0.035178633249466046,1.49,-0.07636637182480165,0.14168267595871803,-0.19666990559326325
0.11806158943966821,0.4285675057108949,0.09917414226600649,-0.007512687891269115,0.12569830798140394,0.3875643342367814,0.19118541371915815,0.0861486902382034,0.17543196878632783,0.4846011616688664,0.16233681260954713,-0.035178633249466046,1.49,-0.07636637182480165,0.14168267595871803,-0.19666990559326325
0.11806158943966821,0.4285675057108949,0.09917414226600649,-0.007512687891269115,0.12569830798140394,0.3875643342367814,0.19118541371915815,0.0861486902382034,0.17543196878632783,0.4846011616688664,0.16233681260954713,-0.035178633249466046,1.49,-0.07636637182480165,0.14168267595871803,-0.19666990559326325
0.11806158943966821,0.4285675057108949,0.09917414226600649,-0.007512687891269115,0.12569830798140394,0.3875643342367814,0.19118541371915815,0.0861486902382034,0.17543196878632783,0.4846011616688664,0.16233681260954713,-0.035178633249466046,1.49,-0.07636637182480165,0.14168267595871803,-0.19666990559326325
0.09049545930922032,0.4781719985127449,0.14981466567516327,-0.018893651428818704,0.09049545930922032,0.3791719985127449,0.2686146656751633,0.0504063485711813,0.19000300887823104,0.4376055101662874,0.24827346935868264,-0.059543406003713606,1.49,-0.04053287252634764,0.16839910508990288,-0.20002955088578167
0.09099091861844062,0.4763439970254898,0.14962933135032652,-0.017787302857637407,0.09099091861844062,0.3783439970254898,0.26722933135032656,0.0508126971423626,0.1900060177564621,0.43521102033257486,0.24654693871736527,-0.059086812007427214,1.49,-0.04106574505269527,0.16679821017980576,-0.2000591017715633
0.09148637792766094,0.4745159955382347,0.1494439970254898,-0.016680954286456107,0.09148637792766094,0.3775159955382347,0.26584399702548983,0.051219045713543895,0.19000902663469316,0.43281653049886226,0.2448204080760479,-0.05863021801114082,1.49,-0.041598617579042915,0.16519731526970866,-0.20008865265734493
0.09198183723688125,0.4726879940509796,0.14925866270065308,-0.01557460571527481,0.09198183723688125,0.37668799405097964,0.2644586627006531,0.05162539428472519,0.1900120355129242,0.4304220406651497,0.24309387743473054,-0.05817362401485443,1.49,-0.04213149010539055,0.16359642035961153,-0.2001182035431266
0.09247729654610157,0.47085999256372446,0.14907332837581633,-0.014468257144093513,0.09247729654610157,0.3758599925637245,0.2630733283758164,0.05203174285590649,0.19001504439115524,0.4280275508314371,0.24136734679341315,-0.05771703001856804,1.49,-0.04266436263173819,0.1619955254495144,-0.20014775442890825
0.09297275585532189,0.46903199107646937,0.1488879940509796,-0.013361908572912216,0.09297275585532189,0.3750319910764694,0.26168799405097964,0.05243809142708779,0.19001805326938628,0.4256330609977245,0.2396408161520958,-0.05726043602228165,1.49,-0.04319723515808582,0.16039463053941727,-0.20017730531468989
0.09346821516454219,0.4672039895892143,0.14870265972614288,-0.01225556000173092,0.09346821516454219,0.3742039895892143,0.2603026597261429,0.052844439998269085,0.19002106214761733,0.423238571164012,0.23791428551077842,-0.056803842025995255,1.49,-0.04373010768443346,0.15879373562932014,-0.20020685620047152
0.09396367447376251,0.4653759881019592,0.14851732540130616,-0.011149211430549621,0.09396367447376251,0.3733759881019592,0.2589173254013062,0.05325078856945038,0.1900240710258484,0.4208440813302994,0.23618775486946106,-0.05634724802970886,1.49,-0.0442629802107811,0.15719284071922304,-0.20023640708625318
0.09445913378298282,0.4635479866147041,0.1483319910764694,-0.010042862859368323,0.09445913378298282,0.3725479866147041,0.25753199107646946,0.05365713714063168,0.19002707990407944,0.41844959149658684,0.2344612242281437,-0.05589065403342247,1.49,-0.04479585273712874,0.15559194580912591,-0.20026595797203484
0.09495459309220314,0.461719985127449,0.1481466567516327,-0.008936514288187026,0.09495459309220314,0.371719985127449,0.25614665675163273,0.05406348571181298,0.19003008878231048,0.41605510166287424,0.23273469358682633,-0.05543406003713608,1.49,-0.04532872526347637,0.1539910508990288,-0.20029550885781647
0.09528542204588651,0.4600856702047586,0.1479871134698391,-0.0079250068333745,0.09528542204588651,0.37098567020475864,0.25490711346983913,0.0544449931666255,0.18992177082836628,0.41398064958542585,0.2312428073734045,-0.05492965430080891,1.49,-0.04587541426584125,0.15257367651283743,-0.20030464150737973
0.09561625099956989,0.4584513552820682,0.1478275701880455,-0.006913499378561972,0.09561625099956989,0.37025135528206826,0.25366757018804553,0.05482650062143803,0.18981345287442206,0.4119061975079775,0.2297509211599827,-0.054425248564481735,1.49,-0.04642210326820612,0.15115630212664605,-0.200313774156943
0.09594707995325327,0.4568170403593778,0.14766802690625191,-0.0059019919237494455,0.09594707995325327,0.3695170403593778,0.25242802690625193,0.05520800807625056,0.18970513492047786,0.40983174543052914,0.22825903494656086,-0.05392084282815456,1.49,-0.04696879227057099,0.14973892774045466,-0.20032290680650622
0.09627790890693665,0.4551827254366874,0.14750848362445831,-0.0048904844689369184,0.09627790890693665,0.36878272543668744,0.25118848362445834,0.05558951553106309,0.18959681696653366,0.40775729335308075,0.22676714873313905,-0.05341643709182739,1.49,-0.04751548127293587,0.1483215533542633,-0.20033203945606948
0.09660873786062002,0.4535484105139971,0.1473489403426647,-0.0038789770141243914,0.09660873786062002,0.36804841051399706,0.24994894034266474,0.05597102298587561,0.18948849901258946,0.40568284127563237,0.22527526251971722,-0.052912031355500225,1.49,-0.04806217027530074,0.14690417896807195,-0.20034117210563274
0.0969395668143034,0.4519140955913067,0.1471893970608711,-0.0028674695593118643,0.0969395668143034,0.3673140955913067,0.24870939706087117,0.05635253044068814,0.18938018105864524,0.40360838919818404,0.22378337630629538,-0.05240762561917305,1.49,-0.04860885927766562,0.14548680458188057,-0.200350304755196
0.09727039576798677,0.4502797806686163,0.1470298537790775,-0.001855962104499338,0.09727039576798677,0.3665797806686163,0.24746985377907757,0.05673403789550067,0.18927186310470104,0.40153393712073565,0.22229149009287358,-0.05190321988284588,1.49,-0.04915554828003049,0.14406943019568919,-0.20035943740475926
0.09760122472167015,0.4486454657459259,0.14687031049728394,-0.000844454649686811,0.09760122472167015,0.36584546574592586,0.24623031049728397,0.05711554535031319,0.18916354515075684,0.39945948504328727,0.22079960387945174,-0.05139881414651871,1.49,-0.04970223728239536,0.14265205580949783,-0.2003685700543225
0.09793205367535353,0.4470111508232355,0.14671076721549034,0.00016705280512571696,0.09793205367535353,0.3651111508232355,0.24499076721549037,0.05749705280512572,0.18905522719681261,0.39738503296583894,0.21930771766602994,-0.050894408410191536,1.49,-0.050248926284760236,0.14123468142330647,-0.20037770270388575
0.0982628826290369,0.4453768359005451,0.14655122393369674,0.0011785602599382432,0.0982628826290369,0.3643768359005451,0.24375122393369678,0.05787856025993825,0.18894690924286842,0.39531058088839055,0.2178158314526081,-0.05039000267386436,1.49,-0.05079561528712511,0.1398173070371151,-0.200386835353449
0.09846791194877028,0.44389093120557066,0.1463976208037138,0.0021242732524573834,0.09846791194877028,0.3637009312055707,0.24262562080371383,0.05825727325245739,0.1887606597728133,0.39352863509199026,0.21653856545537709,-0.04984072259122133,1.49,-0.05134592213808,0.13856041750121117,-0.20037962248364466
0.09867294126850366,0.44240502651059627,0.14624401767373085,0.003069986244976524,0.09867294126850366,0.36302502651059626,0.2415000176737309,0.058635986244976526,0.1885744103027582,0.3917466892955899,0.2152612994581461,-0.0492914425085783,1.49,-0.05189622898903489,0.13730352796530723,-0.2003724096138403
0.09887797058823705,0.4409191218156219,0.14609041454374788,0.004015699237495665,0.09887797058823705,0.36234912181562184,0.24037441454374792,0.059014699237495666,0.1883881608327031,0.38996474349918964,0.2139840334609151,-0.048742162425935265,1.49,-0.05244653583998978,0.1360466384294033,-0.20036519674403594
0.09908299990797043,0.4394332171206474,0.14593681141376494,0.004961412230014805,0.09908299990797043,0.36167321712064743,0.23924881141376497,0.059393412230014805,0.188201911362648,0.3881827977027893,0.21270676746368408,-0.048192882343292234,1.49,-0.05299684269094467,0.13478974889349937,-0.2003579838742316
0.0992880292277038,0.437947312425673,0.145783208283782,0.005907125222533945,0.0992880292277038,0.360997312425673,0.23812320828378203,0.059772125222533945,0.1880156618925929,0.386400851906389,0.21142950146645306,-0.047643602260649204,1.49,-0.05354714954189956,0.13353285935759546,-0.20035077100442725
0.09949305854743719,0.4364614077306986,0.14562960515379905,0.006852838215053086,0.09949305854743719,0.36032140773069854,0.23699760515379908,0.06015083821505309,0.1878294124225378,0.3846189061099887,0.21015223546922207,-0.04709432217800617,1.49,-0.05409745639285445,0.1322759698216915,-0.2003435581346229
0.09969808786717058,0.4349755030357242,0.1454760020238161,0.007798551207572226,0.09969808786717058,0.3596455030357241,0.23587200202381614,0.06052955120757223,0.1876431629524827,0.3828369603135884,0.20887496947199108,-0.04654504209536314,1.49,-0.05464776324380934,0.13101908028578757,-0.20033634526481855
0.09990311718690395,0.43348959834074974,0.14532239889383314,0.008744264200091367,0.09990311718690395,0.3589695983407497,0.23474639889383317,0.06090826420009137,0.1874569134824276,0.3810550145171881,0.20759770347476006,-0.045995762012720105,1.49,-0.05519807009476423,0.12976219074988365,-0.20032913239501418
0.10010814650663732,0.4320036936457753,0.1451687957638502,0.009689977192610508,0.10010814650663732,0.3582936936457753,0.23362079576385023,0.06128697719261051,0.1872706640123725,0.37927306872078775,0.20632043747752904,-0.045446481930077075,1.49,-0.05574837694571912,0.12850530121397974,-0.20032191952520984
0.10031317582637071,0.4305177889508009,0.14501519263386725,0.010635690185129647,0.10031317582637071,0.3576177889508009,0.23249519263386728,0.06166569018512965,0.1870844145423174,0.37749112292438747,0.20504317148029805,-0.044897201847434044,1.49,-0.056298683796674014,0.1272484116780758,-0.2003147066554055
0.10048792355061471,0.42918641648884415,0.14488091099256276,0.011482833896848564,0.10048792355061471,0.35701541648884416,0.23148611099256278,0.062002533896848566,0.18690973640560507,0.3758920345268339,0.2038972188667953,-0.04440054927218556,1.49,-0.05679790258626789,0.1261183810976863,-0.20030599412249217
0.10066267127485871,0.4278550440268874,0.14474662935125826,0.012329977608567482,0.10066267127485871,0.3564130440268874,0.2304770293512583,0.06233937760856748,0.18673505826889275,0.3742929461292803,0.20275126625329257,-0.04390389669693708,1.49,-0.057297121375861765,0.1249883505172968,-0.20029728158957885
0.1008374189991027,0.42652367156493065,0.14461234770995376,0.013177121320286398,0.1008374189991027,0.3558106715649306,0.2294679477099538,0.0626762213202864,0.18656038013218046,0.3726938577317268,0.20160531363978984,-0.0434072441216886,1.49,-0.05779634016545564,0.1238583199369073,-0.20028856905666556
0.1010121667233467,0.4251922991029739,0.14447806606864927,0.014024265032005316,0.1010121667233467,0.3552082991029739,0.22845886606864932,0.06301306503200532,0.18638570199546814,0.37109476933417324,0.2004593610262871,-0.04291059154644012,1.49,-0.058295558955049516,0.12272828935651779,-0.20027985652375224
0.1011869144475907,0.42386092664101715,0.1443437844273448,0.014871408743724232,0.1011869144475907,0.3546059266410172,0.22744978442734481,0.06334990874372423,0.18621102385875582,0.36949568093661966,0.19931340841278433,-0.04241393897119164,1.49,-0.058794777744643395,0.12159825877612829,-0.20027114399083892
0.1013616621718347,0.42252955417906046,0.1442095027860403,0.01571855245544315,0.1013616621718347,0.35400355417906043,0.2264407027860403,0.06368675245544315,0.1860363457220435,0.3678965925390661,0.1981674557992816,-0.041917286395943165,1.49,-0.05929399653423727,0.1204682281957388,-0.2002624314579256
0.1015364098960787,0.4211981817171037,0.1440752211447358,0.016565696167162067,0.1015364098960787,0.35340118171710366,0.22543162114473583,0.06402359616716206,0.18586166758533118,0.3662975041415125,0.19702150318577888,-0.041420633820694684,1.49,-0.05979321532383114,0.11933819761534929,-0.2002537189250123
0.10171115762032269,0.41986680925514697,0.14394093950343131,0.017412839878880985,0.10171115762032269,0.35279880925514695,0.22442253950343133,0.06436043987888099,0.1856869894486189,0.364698415743959,0.19587555057227612,-0.0409239812454462,1.49,-0.06029243411342502,0.11820816703495979,-0.200245006392099
0.1018859053445667,0.4185354367931902,0.14380665786212682,0.0182599835905999,0.1018859053445667,0.35219643679319024,0.22341345786212685,0.0646972835905999,0.18551231131190657,0.36309932734640543,0.19472959795877337,-0.04042732867019772,1.49,-0.0607916529030189,0.1170781364545703,-0.20023629385918568
0.1020606530688107,0.41720406433123347,0.14367237622082232,0.019107127302318817,0.1020606530688107,0.35159406433123347,0.22240437622082235,0.06503412730231882,0.18533763317519425,0.36150023894885186,0.19358364534527064,-0.03993067609494924,1.49,-0.06129087169261277,0.11594810587418079,-0.20022758132627236
0.10214425553650468,0.4159738904881102,0.1435302303254068,0.01991690381596059,0.10214425553650468,0.35101999048811017,0.2214749103254068,0.0653846338159606,0.18509701136719642,0.3601414457316718,0.1926141236397475,-0.03938526523663342,1.49,-0.06179908678877935,0.11495806726047873,-0.2002068923045846
0.10222785800419866,0.4147437166449868,0.14338808442999124,0.020726680329602367,0.10222785800419866,0.3504459166449868,0.22054544442999124,0.06573514032960237,0.18485638955919861,0.3587826525144917,0.1916446019342244,-0.03883985437831759,1.49,-0.06230730188494593,0.11396802864677667,-0.20018620328289682
0.10231146047189264,0.41351354280186353,0.14324593853457568,0.021536456843244144,0.10231146047189264,0.3498718428018635,0.2196159785345757,0.06608564684324414,0.18461576775120078,0.35742385929731163,0.19067508022870125,-0.03829444352000176,1.49,-0.06281551698111251,0.11297799003307461,-0.20016551426120904
0.10239506293958663,0.4122833689587402,0.14310379263916015,0.022346233356885917,0.10239506293958663,0.3492977689587402,0.21868651263916017,0.06643615335688592,0.18437514594320295,0.35606506608013155,0.1897055585231781,-0.03774903266168594,1.49,-0.0633237320772791,0.11198795141937255,-0.2001448252395213
0.10247866540728062,0.4110531951156169,0.14296164674374462,0.02315600987052769,0.10247866540728062,0.34872369511561685,0.21775704674374463,0.0667866598705277,0.18413452413520515,0.35470627286295153,0.188736036817655,-0.03720362180337011,1.49,-0.06383194717344567,0.1109979128056705,-0.20012413621783354
0.1025622678749746,0.4098230212724936,0.14281950084832906,0.023965786384169466,0.1025622678749746,0.34814962127249355,0.21682758084832907,0.06713716638416947,0.18389390232720731,0.35334747964577146,0.18776651511213185,-0.03665821094505429,1.49,-0.06434016226961226,0.11000787419196845,-0.20010344719614576
0.10264587034266859,0.40859284742937024,0.1426773549529135,0.024775562897811243,0.10264587034266859,0.34757554742937025,0.21589811495291353,0.06748767289781124,0.18365328051920948,0.3519886864285914,0.1867969934066087,-0.036112800086738464,1.49,-0.06484837736577884,0.10901783557826639,-0.20008275817445798
0.10272947281036257,0.40736267358624695,0.14253520905749797,0.025585339411453016,0.10272947281036257,0.34700147358624694,0.214968649057498,0.06783817941145302,0.18341265871121165,0.3506298932114113,0.18582747170108557,-0.03556738922842263,1.49,-0.06535659246194542,0.10802779696456433,-0.20006206915277022
0.10281307527805655,0.4061324997431236,0.14239306316208244,0.02639511592509479,0.10281307527805655,0.3464273997431236,0.21403918316208242,0.0681886859250948,0.18317203690321385,0.3492710999942312,0.18485794999556246,-0.03502197837010681,1.49,-0.065864807558112,0.10703775835086227,-0.20004138013108247
0.10289667774575054,0.4049023259000003,0.1422509172666669,0.027204892438736566,0.10289667774575054,0.3458533259000003,0.2131097172666669,0.06853919243873657,0.18293141509521602,0.34791230677705115,0.18388842829003932,-0.034476567511790984,1.49,-0.06637302265427858,0.1060477197371602,-0.2000206911093947
0.10299250215832122,0.4038116328401227,0.14213396156008185,0.027912967809107042,0.10299250215832122,0.3453531228401227,0.21228417356008183,0.06883392480910705,0.1827417995986771,0.34665975369711416,0.18299305938239546,-0.034021408550921735,1.49,-0.06680706163226294,0.10514496555682552,-0.20000627679139993
0.10308832657089191,0.40272093978024515,0.14201700585349677,0.028621043179477522,0.10308832657089191,0.3448529197802451,0.21145862985349678,0.06912865717947753,0.18255218410213814,0.3454072006171771,0.1820976904747516,-0.03356624959005248,1.49,-0.06724110061024728,0.10424221137649083,-0.19999186247340514
0.10318415098346259,0.40163024672036757,0.14190005014691173,0.029329118549847998,0.10318415098346259,0.34435271672036755,0.21063308614691173,0.069423389549848,0.1823625686055992,0.3441546475372401,0.18120232156710775,-0.03311109062918323,1.49,-0.06767513958823164,0.10333945719615614,-0.19997744815541038
0.10327997539603329,0.40053955366049,0.1417830944403267,0.030037193920218475,0.10327997539603329,0.34385251366048997,0.20980754244032668,0.06971812192021848,0.18217295310906026,0.3429020944573031,0.1803069526594639,-0.03265593166831397,1.49,-0.068109178566216,0.10243670301582146,-0.1999630338374156
0.10337579980860397,0.39944886060061247,0.14166613873374162,0.030745269290588954,0.10337579980860397,0.34335231060061244,0.20898199873374163,0.07001285429058896,0.18198333761252133,0.3416495413773661,0.17941158375182004,-0.03220077270744472,1.49,-0.06854321754420034,0.10153394883548678,-0.19994861951942083
0.10347162422117465,0.3983581675407349,0.14154918302715658,0.03145334466095943,0.10347162422117465,0.34285210754073486,0.2081564550271566,0.07030758666095945,0.1817937221159824,0.3403969882974291,0.1785162148441762,-0.03174561374657547,1.49,-0.0689772565221847,0.10063119465515208,-0.19993420520142607
0.10356744863374534,0.3972674744808573,0.14143222732057154,0.03216142003132991,0.10356744863374534,0.3423519044808573,0.20733091132057155,0.07060231903132992,0.18160410661944346,0.33914443521749205,0.17762084593653235,-0.03129045478570622,1.49,-0.06941129550016906,0.0997284404748174,-0.1999197908834313
0.10366327304631602,0.39617678142097973,0.1413152716139865,0.03286949540170039,0.10366327304631602,0.3418517014209797,0.2065053676139865,0.0708970514017004,0.18141449112290453,0.33789188213755506,0.1767254770288885,-0.030835295824836965,1.49,-0.06984533447815341,0.09882568629448271,-0.19990537656543653
0.10375909745888671,0.39508608836110215,0.14119831590740142,0.03357757077207086,0.10375909745888671,0.3413514983611021,0.20567982390740144,0.07119178377207087,0.18122487562636558,0.336639329057618,0.17583010812124464,-0.030380136863967712,1.49,-0.07027937345613776,0.09792293211414801,-0.19989096224744174
0.1038549218714574,0.39399539530122457,0.14108136020081638,0.03428564614244134,0.1038549218714574,0.34085129530122454,0.2048542802008164,0.07148651614244135,0.18103526012982665,0.335386775977681,0.17493473921360078,-0.02992497790309846,1.49,-0.07071341243412212,0.09702017793381333,-0.19987654792944698
0.10392981344202515,0.3930061160757714,0.14097099641718094,0.0349320147109623,0.10392981344202515,0.3403934570757714,0.20410618721718096,0.07176087601096232,0.18084840441114586,0.3342744690421196,0.1741404386093228,-0.029495232754633116,1.49,-0.07111668569203072,0.09621464922210454,-0.19986120626153606
0.10400470501259289,0.39201683685031824,0.1408606326335455,0.03557838327948326,0.10400470501259289,0.33993561885031826,0.2033580942335455,0.07203523587948327,0.18066154869246506,0.33316216210655825,0.17334613800504478,-0.029065487606167777,1.49,-0.07151995894993934,0.09540912051039574,-0.19984586459362513
0.10407959658316064,0.39102755762486513,0.14075026884991007,0.03622475184800422,0.10407959658316064,0.33947778062486506,0.20261000124991008,0.07230959574800423,0.18047469297378427,0.33204985517099683,0.1725518374007668,-0.028635742457702437,1.49,-0.07192323220784795,0.09460359179868694,-0.1998305229257142
0.10415448815372838,0.39003827839941196,0.14063990506627463,0.03687112041652518,0.10415448815372838,0.3390199423994119,0.20186190826627465,0.07258395561652518,0.18028783725510347,0.3309375482354354,0.17175753679648878,-0.028205997309237094,1.49,-0.07232650546575656,0.09379806308697815,-0.1998151812578033
0.10422937972429613,0.3890489991739588,0.1405295412826392,0.037517488985046143,0.10422937972429613,0.33856210417395877,0.20111381528263922,0.07285831548504615,0.18010098153642268,0.329825241299874,0.1709632361922108,-0.02777625216077175,1.49,-0.07272977872366518,0.09299253437526936,-0.19979983958989236
0.10430427129486389,0.38805971994850563,0.14041917749900376,0.0381638575535671,0.10430427129486389,0.3381042659485056,0.20036572229900376,0.07313267535356711,0.1799141258177419,0.32871293436431265,0.1701689355879328,-0.027346507012306412,1.49,-0.07313305198157379,0.09218700566356056,-0.19978449792198144
0.10437916286543163,0.38707044072305247,0.14030881371536832,0.03881022612208806,0.10437916286543163,0.3376464277230525,0.19961762931536833,0.07340703522208807,0.17972727009906111,0.32760062742875123,0.1693746349836548,-0.026916761863841072,1.49,-0.07353632523948239,0.09138147695185175,-0.19976915625407052
0.10445405443599938,0.38608116149759936,0.1401984499317329,0.03945659469060902,0.10445405443599938,0.3371885894975993,0.1988695363317329,0.07368139509060903,0.17954041438038032,0.3264883204931898,0.1685803343793768,-0.02648701671537573,1.49,-0.073939598497391,0.09057594824014296,-0.1997538145861596
0.10452894600656712,0.3850918822721462,0.14008808614809745,0.04010296325912998,0.10452894600656712,0.33673075127214613,0.19812144334809745,0.07395575495912998,0.17935355866169952,0.32537601355762846,0.1677860337750988,-0.026057271566910387,1.49,-0.07434287175529962,0.08977041952843418,-0.19973847291824867
0.10460383757713487,0.384102603046693,0.13997772236446201,0.04074933182765094,0.10460383757713487,0.336272913046693,0.19737335036446202,0.07423011482765095,0.17916670294301873,0.32426370662206705,0.1669917331708208,-0.025627526418445047,1.49,-0.07474614501320823,0.08896489081672537,-0.19972313125033775
0.10469447108721157,0.3832257707477725,0.13988740762851498,0.041313735426002314,0.10469447108721157,0.33587437764777245,0.196709079348515,0.07445971059600232,0.17902849519431785,0.32323333939847104,0.16625433110267002,-0.025277703571634252,1.49,-0.07508597795908917,0.08822857955110859,-0.19971397325516843
0.10478510459728826,0.382348938448852,0.13979709289256798,0.04187813902435369,0.10478510459728826,0.3354758422488519,0.196044808332568,0.0746893063643537,0.17889028744561694,0.32220297217487504,0.16551692903451926,-0.02492788072482346,1.49,-0.07542581090497011,0.08749226828549181,-0.1997048152599991
0.10487573810736496,0.38147210614993143,0.13970677815662097,0.04244254262270507,0.10487573810736496,0.3350773068499314,0.19538053731662097,0.07491890213270508,0.17875207969691603,0.32117260495127903,0.1647795269663685,-0.024578057878012666,1.49,-0.07576564385085105,0.08675595701987501,-0.1996956572648298
0.10496637161744166,0.38059527385101094,0.13961646342067394,0.04300694622105644,0.10496637161744166,0.3346787714510109,0.19471626630067396,0.07514849790105645,0.17861387194821515,0.320142237727683,0.1640421248982177,-0.024228235031201875,1.49,-0.07610547679673199,0.08601964575425823,-0.19968649926966048
0.10505700512751837,0.3797184415520904,0.1395261486847269,0.043571349819407815,0.10505700512751837,0.33428023605209034,0.19405199528472694,0.07537809366940781,0.17847566419951427,0.319111870504087,0.16330472283006692,-0.02387841218439108,1.49,-0.07644530974261293,0.08528333448864145,-0.19967734127449116
0.10514763863759506,0.37884160925316984,0.1394358339487799,0.04413575341775919,0.10514763863759506,0.3338817006531698,0.1933877242687799,0.0756076894377592,0.17833745645081336,0.318081503280491,0.16256732076191616,-0.023528589337580286,1.49,-0.07678514268849386,0.08454702322302467,-0.19966818327932181
0.10523827214767176,0.37796477695424935,0.1393455192128329,0.04470015701611056,0.10523827214767176,0.33348316525424926,0.19272345325283288,0.07583728520611058,0.17819924870211248,0.317051136056895,0.1618299186937654,-0.023178766490769494,1.49,-0.0771249756343748,0.08381071195740789,-0.1996590252841525
0.10532890565774845,0.3770879446553288,0.13925520447688586,0.04526456061446194,0.10532890565774845,0.3330846298553288,0.19205918223688587,0.07606688097446195,0.17806104095341158,0.316020768833299,0.1610925166256146,-0.0228289436439587,1.49,-0.07746480858025574,0.08307440069179109,-0.19964986728898318
0.10541953916782515,0.3762111123564083,0.13916488974093882,0.045828964212813315,0.10541953916782515,0.33268609445640823,0.19139491122093885,0.07629647674281331,0.1779228332047107,0.314990401609703,0.16035511455746382,-0.02247912079714791,1.49,-0.07780464152613668,0.08233808942617431,-0.19964070929381386
0.10551017267790185,0.37533428005748776,0.13907457500499182,0.04639336781116469,0.10551017267790185,0.3322875590574877,0.19073064020499184,0.0765260725111647,0.1777846254560098,0.313960034386107,0.15961771248931306,-0.022129297950337114,1.49,-0.07814447447201762,0.08160177816055753,-0.19963155129864454
0.10561552412166078,0.3745545535887286,0.13899957347615238,0.04688603083539031,0.10561552412166078,0.3319382997987285,0.1901390780241524,0.07671740848839032,0.17768677566212587,0.31300579201522544,0.1589333491897888,-0.021845800133034672,1.49,-0.07843116169567647,0.08093048369746916,-0.19962791358135884
0.1057208755654197,0.37377482711996945,0.13892457194731295,0.04737869385961593,0.1057208755654197,0.3315890405399694,0.18954751584331295,0.07690874446561594,0.177588925868242,0.31205154964434395,0.15824898589026457,-0.021562302315732227,1.49,-0.07871784891933531,0.08025918923438079,-0.1996242758640731
0.10582622700917864,0.3729951006512103,0.1388495704184735,0.047871356883841545,0.10582622700917864,0.33123978128121023,0.18895595366247353,0.07710008044284154,0.17749107607435807,0.3110973072734624,0.1575646225907403,-0.021278804498429782,1.49,-0.07900453614299416,0.07958789477129243,-0.19962063814678738
0.10593157845293756,0.37221537418245115,0.13877456888963408,0.048364019908067164,0.10593157845293756,0.33089052202245106,0.18836439148163409,0.07729141642006716,0.17739322628047416,0.31014306490258087,0.15688025929121607,-0.02099530668112734,1.49,-0.07929122336665301,0.07891660030820405,-0.19961700042950167
0.1060369298966965,0.371435647713692,0.13869956736079464,0.04885668293229278,0.1060369298966965,0.3305412627636919,0.18777282930079464,0.07748275239729278,0.17729537648659027,0.3091888225316993,0.1561958959916918,-0.0207118088638249,1.49,-0.07957791059031186,0.07824530584511569,-0.19961336271221597
0.10614228134045543,0.3706559212449328,0.13862456583195518,0.049349345956518395,0.10614228134045543,0.3301920035049328,0.1871812671199552,0.0776740883745184,0.17719752669270636,0.30823458016081784,0.15551153269216755,-0.020428311046522454,1.49,-0.07986459781397069,0.07757401138202732,-0.19960972499493024
0.10624763278421435,0.3698761947761737,0.13854956430311574,0.049842008980744014,0.10624763278421435,0.3298427442461736,0.18658970493911575,0.07786542435174403,0.17709967689882244,0.3072803377899363,0.15482716939264332,-0.02014481322922001,1.49,-0.08015128503762954,0.07690271691893895,-0.1996060872776445
0.10635298422797329,0.3690964683074145,0.1384745627742763,0.05033467200496963,0.10635298422797329,0.32949348498741443,0.18599814275827634,0.07805676032896963,0.17700182710493853,0.30632609541905476,0.15414280609311906,-0.019861315411917567,1.49,-0.08043797226128839,0.07623142245585059,-0.1996024495603588
0.10645833567173221,0.36831674183865537,0.13839956124543687,0.05082733502919525,0.10645833567173221,0.3291442257286553,0.1854065805774369,0.07824809630619525,0.17690397731105464,0.30537185304817327,0.15345844279359483,-0.019577817594615125,1.49,-0.08072465948494723,0.07556012799276221,-0.1995988118430731
0.10656368711549115,0.3675370153698962,0.13832455971659743,0.05131999805342087,0.10656368711549115,0.32879496646989614,0.18481501839659745,0.07843943228342087,0.17680612751717073,0.30441761067729173,0.15277407949407057,-0.01929431977731268,1.49,-0.08101134670860607,0.07488883352967385,-0.19959517412578737
0.10670966040510427,0.36684700314149304,0.13826488606962867,0.051740854831767276,0.10670966040510427,0.32849237473049303,0.1842904401628287,0.07858909471946728,0.1767721691169933,0.3035070904687918,0.1521183816978014,-0.019099360333220735,1.49,-0.08123266342636117,0.07427059935803573,-0.1996017774819828
0.10685563369471739,0.36615699091308995,0.13820521242265993,0.05216171161011368,0.10685563369471739,0.32818978299108986,0.18376586192905994,0.07873875715551369,0.17673821071681586,0.30259657026029185,0.15146268390153222,-0.018904400889128793,1.49,-0.08145398014411627,0.0736523651863976,-0.19960838083817822
0.1070016069843305,0.3654669786846868,0.13814553877569116,0.052582568388460094,0.1070016069843305,0.32788719125168675,0.1832412836952912,0.0788884195915601,0.17670425231663844,0.30168605005179194,0.15080698610526305,-0.018709441445036848,1.49,-0.08167529686187136,0.07303413101475949,-0.19961498419437362
0.10714758027394362,0.36477696645628366,0.13808586512872242,0.0530034251668065,0.10714758027394362,0.32758459951228364,0.18271670546152244,0.0790380820276065,0.176670293916461,0.30077552984329203,0.15015128830899388,-0.018514482000944906,1.49,-0.08189661357962645,0.07241589684312137,-0.19962158755056905
0.10729355356355674,0.3640869542278805,0.13802619148175366,0.053424281945152904,0.10729355356355674,0.3272820077728805,0.1821921272277537,0.0791877444636529,0.17663633551628358,0.2998650096347921,0.1494955905127247,-0.01831952255685296,1.49,-0.08211793029738154,0.07179766267148324,-0.19962819090676448
0.10743952685316988,0.3633969419994774,0.1379665178347849,0.05384513872349931,0.10743952685316988,0.32697941603347735,0.1816675489939849,0.07933740689969931,0.17660237711610616,0.29895448942629216,0.1488398927164555,-0.018124563112761016,1.49,-0.08233924701513665,0.07117942849984513,-0.1996347942629599
0.107585500142783,0.36270692977107427,0.13790684418781615,0.054265995501845715,0.107585500142783,0.32667682429407424,0.18114297076021615,0.07948706933574572,0.1765684187159287,0.29804396921779225,0.14818419492018634,-0.017929603668669074,1.49,-0.08256056373289174,0.07056119432820701,-0.19964139761915534
0.10773147343239611,0.3620169175426711,0.13784717054084739,0.05468685228019213,0.10773147343239611,0.32637423255467113,0.1806183925264474,0.07963673177179212,0.1765344603157513,0.29713344900929234,0.14752849712391716,-0.01773464422457713,1.49,-0.08278188045064683,0.0699429601565689,-0.19964800097535074
0.10787744672200923,0.36132690531426803,0.13778749689387865,0.05510770905853853,0.10787744672200923,0.32607164081526796,0.18009381429267865,0.07978639420783853,0.17650050191557384,0.2962229288007924,0.146872799327648,-0.017539684780485187,1.49,-0.08300319716840193,0.06932472598493077,-0.19965460433154616
0.10802342001162235,0.3606368930858649,0.13772782324690988,0.05552856583688494,0.10802342001162235,0.32576904907586485,0.1795692360589099,0.07993605664388494,0.17646654351539642,0.29531240859229246,0.14621710153137882,-0.01734472533639324,1.49,-0.08322451388615702,0.06870649181329265,-0.1996612076877416
0.1081743689455255,0.36001850550423603,0.13767586591392733,0.05590101705691117,0.1081743689455255,0.325499339934336,0.17909886459780733,0.08006443295584117,0.17645630882131416,0.29447396213673444,0.14561237484711495,-0.017189766192141093,1.49,-0.08340984822830112,0.06814573543317938,-0.19967082156839938
0.10832531787942866,0.35940011792260723,0.13762390858094475,0.056273468276937404,0.10832531787942866,0.3252296307928072,0.17862849313670479,0.0801928092677974,0.1764460741272319,0.2936355156811764,0.14500764816285108,-0.01703480704788895,1.49,-0.08359518257044522,0.06758497905306611,-0.19968043544905717
0.1084762668133318,0.3587817303409784,0.1375719512479622,0.05664591949696363,0.1084762668133318,0.32495992165127835,0.17815812167560224,0.08032118557975362,0.17643583943314964,0.2927970692256184,0.14440292147858722,-0.0168798479036368,1.49,-0.08378051691258932,0.06702422267295284,-0.19969004932971496
0.10862721574723495,0.3581633427593495,0.13751999391497965,0.05701837071698986,0.10862721574723495,0.3246902125097495,0.17768775021449967,0.08044956189170986,0.17642560473906738,0.29195862277006035,0.14379819479432335,-0.016724888759384656,1.49,-0.08396585125473342,0.06646346629283957,-0.19969966321037275
0.1087781646811381,0.35754495517772067,0.13746803658199708,0.0573908219370161,0.1087781646811381,0.3244205033682207,0.1772173787533971,0.0805779382036661,0.17641537004498511,0.2911201763145023,0.14319346811005945,-0.016569929615132508,1.49,-0.08415118559687751,0.0659027099127263,-0.19970927709103053
0.10892911361504126,0.35692656759609187,0.13741607924901453,0.05776327315704233,0.10892911361504126,0.32415079422669185,0.17674700729229456,0.08070631451562232,0.17640513535090285,0.2902817298589443,0.14258874142579558,-0.01641497047088036,1.49,-0.08433651993902161,0.06534195353261303,-0.19971889097168835
0.10908006254894441,0.356308180014463,0.13736412191603198,0.05813572437706856,0.10908006254894441,0.323881085085163,0.17627663583119202,0.08083469082757855,0.1763949006568206,0.28944328340338626,0.14198401474153172,-0.016260011326628215,1.49,-0.08452185428116571,0.06478119715249976,-0.19972850485234614
0.10923101148284756,0.35568979243283416,0.13731216458304943,0.058508175597094786,0.10923101148284756,0.32361137594363415,0.17580626437008945,0.08096306713953479,0.17638466596273833,0.28860483694782824,0.14137928805726785,-0.016105052182376067,1.49,-0.08470718862330981,0.06422044077238649,-0.19973811873300393
0.10938196041675072,0.35507140485120536,0.13726020725006685,0.05888062681712102,0.10938196041675072,0.32334166680210535,0.17533589290898688,0.08109144345149102,0.17637443126865607,0.2877663904922702,0.14077456137300398,-0.015950093038123923,1.49,-0.08489252296545391,0.06365968439227322,-0.19974773261366172
0.10953290935065386,0.3544530172695765,0.1372082499170843,0.05925307803714725,0.10953290935065386,0.3230719576605765,0.17486552144788434,0.08121981976344725,0.1763641965745738,0.2869279440367122,0.1401698346887401,-0.015795133893871775,1.49,-0.08507785730759801,0.06309892801215995,-0.1997573464943195
0.10969365622797586,0.3538971343044985,0.13716193222299197,0.05957669550211041,0.10969365622797586,0.3228298852915885,0.174442631038484,0.0813237698111474,0.1763746081675353,0.2861347836243769,0.1395959202095695,-0.015679747125836835,1.49,-0.08521812043953435,0.06259283851427874,-0.19976983123215708
0.10985440310529786,0.3533412513394205,0.13711561452889962,0.05990031296707356,0.10985440310529786,0.32258781292260047,0.17401974062908365,0.08142771985884756,0.1763850197604968,0.2853416232120416,0.13902200573039888,-0.015564360357801895,1.49,-0.08535838357147069,0.06208674901639753,-0.19978231596999468
0.11001514998261985,0.3527853683743425,0.13706929683480729,0.06022393043203671,0.11001514998261985,0.3223457405536125,0.17359685021968332,0.08153166990654771,0.1763954313534583,0.2845484627997063,0.13844809125122828,-0.015448973589766955,1.49,-0.08549864670340704,0.06158065951851632,-0.1997948007078323
0.11017589685994185,0.35222948540926446,0.13702297914071496,0.06054754789699986,0.11017589685994185,0.3221036681846245,0.173173959810283,0.08163561995424787,0.1764058429464198,0.283755302387371,0.13787417677205765,-0.015333586821732016,1.49,-0.08563890983534338,0.06107457002063511,-0.19980728544566986
0.11033664373726385,0.35167360244418644,0.13697666144662263,0.06087116536196302,0.11033664373726385,0.32186159581563645,0.17275106940088264,0.08173957000194801,0.1764162545393813,0.28296214197503566,0.13730026229288705,-0.015218200053697076,1.49,-0.08577917296727972,0.060568480522753904,-0.19981977018350744
0.11049739061458583,0.35111771947910847,0.13693034375253027,0.06119478282692617,0.11049739061458583,0.32161952344664846,0.1723281789914823,0.08184352004964816,0.17642666613234279,0.28216898156270037,0.13672634781371645,-0.015102813285662138,1.49,-0.08591943609921605,0.0600623910248727,-0.19983225492134504
0.11065813749190782,0.35056183651403044,0.13688402605843794,0.06151840029188932,0.11065813749190782,0.32137745107766047,0.17190528858208198,0.08194747009734832,0.1764370777253043,0.2813758211503651,0.13615243333454582,-0.014987426517627198,1.49,-0.08605969923115239,0.05955630152699149,-0.19984473965918265
0.11081888436922982,0.3500059535489524,0.1368377083643456,0.061842017756852476,0.11081888436922982,0.3211353787086725,0.17148239817268165,0.08205142014504847,0.1764474893182658,0.2805826607380298,0.13557851885537522,-0.014872039749592258,1.49,-0.08619996236308874,0.05905021202911028,-0.19985722439702022
0.11097963124655182,0.34945007058387445,0.13679139067025325,0.06216563522181563,0.11097963124655182,0.32089330633968444,0.1710595077632813,0.08215537019274863,0.1764579009112273,0.2797895003256945,0.1350046043762046,-0.014756652981557318,1.49,-0.08634022549502508,0.05854412253122907,-0.1998697091348578
0.11114037812387381,0.3488941876187964,0.13674507297616093,0.06248925268677878,0.11114037812387381,0.32065123397069645,0.17063661735388097,0.08225932024044878,0.1764683125041888,0.2789963399133592,0.134430689897034,-0.014641266213522379,1.49,-0.08648048862696142,0.05803803303334786,-0.1998821938726954
0.11128284579842368,0.3483889324281706,0.13670008003677409,0.06278254204121955,0.11128284579842368,0.3204284083165516,0.17025270897071693,0.08235490891935285,0.1764723315583404,0.2782770533103639,0.13390998053355466,-0.014530921454428995,1.49,-0.08660299270482508,0.05758592547484971,-0.1998926587194667
0.11142531347297356,0.34788367723754476,0.13665508709738722,0.06307583139566032,0.11142531347297356,0.3202055826624068,0.16986880058755285,0.08245049759825691,0.176476350612492,0.2775577667073686,0.1333892711700753,-0.01442057669533561,1.49,-0.08672549678268872,0.05713381791635156,-0.19990312356623802
0.11156778114752344,0.34737842204691893,0.13661009415800035,0.06336912075010108,0.11156778114752344,0.31998275700826195,0.1694848922043888,0.082546086277161,0.1764803696666436,0.2768384801043733,0.13286856180659595,-0.014310231936242226,1.49,-0.08684800086055236,0.05668171035785341,-0.19991358841300932
0.11171024882207331,0.3468731668562931,0.1365651012186135,0.06366241010454185,0.11171024882207331,0.3197599313541171,0.16910098382122477,0.08264167495606506,0.17648438872079522,0.276119193501378,0.1323478524431166,-0.014199887177148842,1.49,-0.08697050493841602,0.05622960279935526,-0.19992405325978063
0.11185271649662318,0.34636791166566727,0.13652010827922667,0.06395569945898262,0.11185271649662318,0.3195371056999723,0.1687170754380607,0.08273726363496912,0.17648840777494684,0.2753999068983827,0.13182714307963725,-0.014089542418055458,1.49,-0.08709300901627967,0.05577749524085711,-0.19993451810655194
0.11199518417117306,0.34586265647504144,0.1364751153398398,0.06424898881342339,0.11199518417117306,0.31931428004582746,0.16833316705489665,0.08283285231387319,0.17649242682909844,0.27468062029538737,0.1313064337161579,-0.013979197658962073,1.49,-0.08721551309414331,0.05532538768235895,-0.19994498295332325
0.11213765184572294,0.3453574012844156,0.13643012240045294,0.06454227816786416,0.11213765184572294,0.3190914543916826,0.1679492586717326,0.08292844099277726,0.17649644588325003,0.27396133369239206,0.13078572435267855,-0.01386885289986869,1.49,-0.08733801717200695,0.0548732801238608,-0.19995544780009455
0.11228011952027281,0.3448521460937898,0.1363851294610661,0.06483556752230492,0.11228011952027281,0.3188686287375378,0.16756535028856856,0.08302402967168133,0.17650046493740165,0.27324204708939676,0.1302650149891992,-0.013758508140775305,1.49,-0.08746052124987061,0.05442117256536265,-0.19996591264686586
0.11242258719482268,0.34434689090316395,0.13634013652167926,0.06512885687674569,0.11242258719482268,0.31864580308339296,0.1671814419054045,0.0831196183505854,0.17650448399155327,0.27252276048640145,0.12974430562571984,-0.01364816338168192,1.49,-0.08758302532773427,0.0539690650068645,-0.19997637749363717
0.11256505486937256,0.3438416357125381,0.1362951435822924,0.06542214623118646,0.11256505486937256,0.31842297742924813,0.16679753352224044,0.08321520702948947,0.17650850304570487,0.27180347388340614,0.1292235962622405,-0.013537818622588536,1.49,-0.0877055294055979,0.05351695744836635,-0.19998684234040848
0.11271077033575547,0.34338420639760137,0.13625285017459524,0.06567521665806526,0.11271077033575547,0.3182197346971443,0.1664502162151438,0.08329034684838524,0.1765229316574397,0.2711096476604546,0.1287192130041431,-0.01345296729373875,1.49,-0.0877826619294135,0.05311356972016755,-0.19999865279149703
0.11285648580213838,0.34292677708266467,0.13621055676689806,0.06592828708494408,0.11285648580213838,0.31801649196504045,0.16610289890804716,0.08336548666728102,0.17653736026917455,0.270415821437503,0.12821482974604567,-0.013368115964888964,1.49,-0.08785979445322908,0.05271018199196875,-0.2000104632425856
0.1130022012685213,0.3424693477677279,0.1361682633592009,0.06618135751182289,0.1130022012685213,0.31781324923293663,0.16575558160095052,0.08344062648617681,0.1765517888809094,0.2697219952145514,0.12771044648794827,-0.013283264636039176,1.49,-0.08793692697704468,0.052306794263769954,-0.20002227369367417
0.11314791673490421,0.34201191845279116,0.13612596995150375,0.0664344279387017,0.11314791673490421,0.31761000650083276,0.16540826429385388,0.08351576630507258,0.17656621749264423,0.26902816899159987,0.12720606322985087,-0.01319841330718939,1.49,-0.08801405950086028,0.051903406535571156,-0.20003408414476273
0.11329363220128712,0.34155448913785447,0.1360836765438066,0.06668749836558051,0.11329363220128712,0.31740676376872895,0.16506094698675722,0.08359090612396836,0.17658064610437907,0.2683343427686483,0.12670167997175344,-0.013113561978339603,1.49,-0.08809119202467586,0.05150001880737236,-0.2000458945958513
0.11343934766767003,0.3410970598229177,0.13604138313610942,0.06694056879245931,0.11343934766767003,0.31720352103662514,0.16471362967966058,0.08366604594286414,0.17659507471611388,0.2676405165456967,0.12619729671365604,-0.013028710649489817,1.49,-0.08816832454849145,0.05109663107917357,-0.20005770504693984
0.11358506313405294,0.34063963050798096,0.13599908972841226,0.06719363921933813,0.11358506313405294,0.31700027830452127,0.16436631237256394,0.08374118576175993,0.17660950332784872,0.26694669032274515,0.12569291345555864,-0.01294385932064003,1.49,-0.08824545707230705,0.05069324335097477,-0.2000695154980284
0.11373077860043586,0.3401822011930442,0.1359567963207151,0.06744670964621693,0.11373077860043586,0.31679703557241745,0.1640189950654673,0.0838163255806557,0.17662393193958356,0.2662528640997936,0.1251885301974612,-0.012859007991790242,1.49,-0.08832258959612264,0.05028985562277597,-0.20008132594911698
0.11387649406681877,0.3397247718781075,0.13591450291301793,0.06769978007309575,0.11387649406681877,0.3165937928403136,0.16367167775837066,0.08389146539955147,0.1766383605513184,0.265559037876842,0.1246841469393638,-0.012774156662940456,1.49,-0.08839972211993823,0.04988646789457717,-0.20009313640020554
0.11402220953320168,0.33926734256317076,0.13587220950532078,0.06795285049997456,0.11402220953320168,0.31639055010820977,0.16332436045127402,0.08396660521844726,0.17665278916305324,0.26486521165389043,0.12417976368126639,-0.01268930533409067,1.49,-0.08847685464375382,0.049483080166378375,-0.2001049468512941
0.11414534221615946,0.33883915366524614,0.1358231437620723,0.06818632646782656,0.11414534221615946,0.31619112913483477,0.163000773198566,0.08403994363911454,0.17664484049577078,0.2642135526320342,0.12370488380959425,-0.012589845914554084,1.49,-0.08852774633290006,0.049135470788400144,-0.20011239868616337
0.11426847489911723,0.3384109647673215,0.13577407801882382,0.06841980243567858,0.11426847489911723,0.3159917081614598,0.162677185945858,0.08411328205978182,0.17663689182848832,0.263561893610178,0.12323000393792213,-0.012490386495017498,1.49,-0.08857863802204631,0.04878786141042191,-0.20011985052103265
0.114391607582075,0.33798277586939696,0.13572501227557535,0.06865327840353058,0.114391607582075,0.3157922871880848,0.16235359869315,0.0841866204804491,0.17662894316120584,0.2629102345883218,0.12275512406625,-0.012390927075480914,1.49,-0.08862952971119256,0.048440252032443676,-0.20012730235590193
0.11451474026503279,0.33755458697147234,0.13567594653232687,0.06888675437138259,0.11451474026503279,0.3155928662147098,0.162030011440442,0.08425995890111639,0.17662099449392338,0.2622585755664656,0.12228024419457786,-0.012291467655944329,1.49,-0.0886804214003388,0.048092642654465445,-0.2001347541907712
0.11463787294799058,0.3371263980735477,0.13562688078907842,0.06912023033923459,0.11463787294799058,0.3153934452413348,0.16170642418773398,0.08433329732178366,0.17661304582664092,0.2616069165446094,0.12180536432290573,-0.012192008236407743,1.49,-0.08873131308948504,0.047745033276487214,-0.20014220602564048
0.11476100563094835,0.3366982091756231,0.13557781504582994,0.06935370630708661,0.11476100563094835,0.3151940242679598,0.16138283693502598,0.08440663574245094,0.17660509715935846,0.26095525752275317,0.12133048445123361,-0.012092548816871157,1.49,-0.08878220477863129,0.04739742389850898,-0.20014965786050976
0.11488413831390612,0.3362700202776985,0.13552874930258146,0.06958718227493861,0.11488413831390612,0.3149946032945848,0.16105924968231797,0.08447997416311823,0.176597148492076,0.26030359850089696,0.12085560457956147,-0.011993089397334572,1.49,-0.08883309646777754,0.047049814520530746,-0.20015710969537903
0.1150072709968639,0.3358418313797739,0.135479683559333,0.06982065824279061,0.1150072709968639,0.3147951823212098,0.16073566242960996,0.08455331258378551,0.1765891998247935,0.25965193947904075,0.12038072470788934,-0.011893629977797988,1.49,-0.08888398815692378,0.046702205142552515,-0.2001645615302483
0.11513040367982169,0.3354136424818493,0.1354306178160845,0.07005413421064263,0.11513040367982169,0.3145957613478348,0.16041207517690195,0.08462665100445278,0.17658125115751105,0.25900028045718454,0.11990584483621722,-0.011794170558261402,1.49,-0.08893487984607001,0.04635459576457428,-0.20017201336511758
0.11525353636277946,0.3349854535839247,0.13538155207283603,0.07028761017849464,0.11525353636277946,0.3143963403744598,0.16008848792419395,0.08469998942512007,0.1765733024902286,0.25834862143532833,0.11943096496454508,-0.011694711138724816,1.49,-0.08898577153521627,0.04600698638659605,-0.20017946519998686
0.11532879322492977,0.3345872646283581,0.1353288469389561,0.07051695627912992,0.11532879322492977,0.3142040425509879,0.15978871343180046,0.0847852117332891,0.17652239530413055,0.25779127100834287,0.11902599053595181,-0.011561418049554364,1.49,-0.08905376285304101,0.04571244070743391,-0.20017799012760318
0.11540405008708007,0.33418907567279155,0.13527614180507622,0.07074630237976522,0.11540405008708007,0.3140117447275159,0.15948893893940697,0.08487043404145814,0.1764714881180325,0.2572339205813574,0.11862101610735852,-0.011428124960383914,1.49,-0.08912175417086574,0.04541789502827178,-0.2001765150552195
0.11547930694923039,0.33379088671722495,0.1352234366711963,0.0709756484804005,0.11547930694923039,0.313819446904044,0.15918916444701348,0.08495565634962718,0.17642058093193447,0.25667657015437195,0.11821604167876523,-0.011294831871213462,1.49,-0.08918974548869048,0.045123349349109644,-0.2001750399828358
0.1155545638113807,0.33339269776165836,0.1351707315373164,0.0712049945810358,0.1155545638113807,0.3136271490805721,0.15888938995462,0.0850408786577962,0.17636967374583642,0.2561192197273865,0.11781106725017196,-0.01116153878204301,1.49,-0.0892577368065152,0.044828803669947515,-0.20017356491045213
0.115629820673531,0.3329945088060918,0.13511802640343648,0.07143434068167108,0.115629820673531,0.31343485125710013,0.1585896154622265,0.08512610096596523,0.17631876655973838,0.25556186930040103,0.11740609282157868,-0.01102824569287256,1.49,-0.08932572812433995,0.04453425799078538,-0.20017208983806845
0.11570507753568131,0.33259631985052523,0.13506532126955656,0.07166368678230636,0.11570507753568131,0.3132425534336282,0.158289840969833,0.08521132327413428,0.17626785937364037,0.2550045188734155,0.1170011183929854,-0.010894952603702109,1.49,-0.08939371944216469,0.04423971231162324,-0.2001706147656848
0.11578033439783161,0.33219813089495864,0.13501261613567667,0.07189303288294166,0.11578033439783161,0.3130502556101563,0.15799006647743952,0.08529654558230332,0.17621695218754233,0.25444716844643006,0.11659614396439211,-0.010761659514531657,1.49,-0.08946171075998942,0.04394516663246111,-0.2001691396933011
0.11585559125998193,0.33179994193939205,0.13495991100179675,0.07212237898357694,0.11585559125998193,0.3128579577866844,0.15769029198504603,0.08538176789047235,0.17616604500144428,0.2538898180194446,0.11619116953579883,-0.010628366425361205,1.49,-0.08952970207781416,0.043650620953298976,-0.20016766462091742
0.11593084812213224,0.3314017529838255,0.13490720586791685,0.07235172508421224,0.11593084812213224,0.31266565996321244,0.15739051749265254,0.08546699019864137,0.17611513781534624,0.25333246759245914,0.11578619510720556,-0.010495073336190755,1.49,-0.08959769339563889,0.043356075274136846,-0.20016618954853374
0.11600610498428254,0.3310035640282589,0.13485450073403693,0.07258107118484752,0.11600610498428254,0.31247336213974053,0.15709074300025905,0.08555221250681042,0.1760642306292482,0.2527751171654737,0.11538122067861227,-0.010361780247020303,1.49,-0.08966568471346363,0.04306152959497471,-0.20016471447615006
0.11607163887224108,0.3306463660935885,0.134807847530438,0.07278680295895143,0.11607163887224108,0.3123014662239553,0.1568217273739979,0.08562823286769469,0.17601770300384198,0.2522753327762696,0.11501815215063436,-0.010240125661808553,1.49,-0.08972748810788517,0.04279598798437299,-0.20016321183260527
0.11613717276019961,0.3302891681589181,0.1347611943268391,0.07299253473305532,0.11613717276019961,0.31212957030817007,0.15655271174773677,0.08570425322857896,0.17597117537843576,0.25177554838706556,0.11465508362265645,-0.010118471076596804,1.49,-0.08978929150230669,0.042530446373771284,-0.20016170918906048
0.11620270664815815,0.3299319702242477,0.1347145411232402,0.07319826650715923,0.11620270664815815,0.31195767439238486,0.15628369612147563,0.08578027358946323,0.17592464775302957,0.2512757639978615,0.11429201509467854,-0.009996816491385055,1.49,-0.08985109489672823,0.04226490476316957,-0.2001602065455157
0.11626824053611669,0.3295747722895773,0.13466788791964127,0.07340399828126314,0.11626824053611669,0.3117857784765996,0.1560146804952145,0.08585629395034751,0.17587812012762336,0.25077597960865744,0.11392894656670063,-0.009875161906173305,1.49,-0.08991289829114976,0.04199936315256786,-0.2001587039019709
0.11633377442407522,0.3292175743549069,0.13462123471604237,0.07360973005536703,0.11633377442407522,0.3116138825608144,0.15574566486895336,0.08593231431123177,0.17583159250221714,0.2502761952194534,0.11356587803872273,-0.009753507320961554,1.49,-0.08997470168557128,0.04173382154196614,-0.20015720125842612
0.11639930831203375,0.32886037642023647,0.13457458151244345,0.07381546182947094,0.11639930831203375,0.3114419866450292,0.15547664924269225,0.08600833467211605,0.17578506487681092,0.24977641083024932,0.11320280951074481,-0.009631852735749805,1.49,-0.09003650507999282,0.04146827993136443,-0.2001556986148813
0.11646484219999229,0.3285031784855661,0.13452792830884452,0.07402119360357484,0.11646484219999229,0.31127009072924394,0.1552076336164311,0.08608435503300033,0.1757385372514047,0.24927662644104526,0.1128397409827669,-0.009510198150538055,1.49,-0.09009830847441436,0.04120273832076272,-0.20015419597133652
0.11653037608795083,0.32814598055089567,0.1344812751052456,0.07422692537767875,0.11653037608795083,0.31109819481345874,0.15493861799016997,0.0861603753938846,0.1756920096259985,0.2487768420518412,0.112476672454789,-0.009388543565326306,1.49,-0.0901601118688359,0.040937196710161,-0.20015269332779173
0.11659590997590936,0.3277887826162253,0.1344346219016467,0.07443265715178264,0.11659590997590936,0.3109262988976735,0.15466960236390884,0.08623639575476887,0.1756454820005923,0.24827705766263714,0.11211360392681108,-0.009266888980114556,1.49,-0.09022191526325742,0.04067165509955929,-0.20015119068424694
0.1166614438638679,0.32743158468155487,0.13438796869804778,0.07463838892588655,0.1166614438638679,0.3107544029818883,0.1544005867376477,0.08631241611565314,0.17559895437518608,0.24777727327343307,0.11175053539883317,-0.009145234394902807,1.49,-0.09028371865767895,0.040406113488957576,-0.20014968804070216
0.1167196743875877,0.327109730807572,0.1343457303262891,0.07482452459171954,0.1167196743875877,0.31059932092490206,0.15415822218549302,0.08638181150958847,0.1755559050027952,0.2473290984042537,0.11142502840142557,-0.009034550195084486,1.49,-0.09034083760297767,0.04016761230155869,-0.20014806339773905
0.11677790491130749,0.3267878769335891,0.1343034919545304,0.07501066025755253,0.11677790491130749,0.3104442388679159,0.15391585763333832,0.0864512069035238,0.1755128556304043,0.24688092353507432,0.11109952140401798,-0.008923865995266164,1.49,-0.0903979565482764,0.03992911111415981,-0.20014643875477597
0.11683613543502729,0.32646602305960626,0.13426125358277172,0.07519679592338553,0.11683613543502729,0.31028915681092967,0.1536734930811836,0.08652060229745913,0.1754698062580134,0.24643274866589493,0.11077401440661039,-0.008813181795447843,1.49,-0.09045507549357513,0.03969060992676093,-0.20014481411181287
0.11689436595874708,0.3261441691856234,0.134219015211013,0.07538293158921852,0.11689436595874708,0.31013407475394345,0.15343112852902893,0.08658999769139446,0.1754267568856225,0.24598457379671557,0.11044850740920278,-0.008702497595629521,1.49,-0.09051219443887386,0.03945210873936204,-0.20014318946884976
0.11695259648246688,0.3258223153116405,0.13417677683925433,0.07556906725505151,0.11695259648246688,0.3099789926969573,0.15318876397687425,0.08665939308532977,0.17538370751323162,0.2455363989275362,0.11012300041179518,-0.0085918133958112,1.49,-0.09056931338417258,0.03921360755196315,-0.2001415648258867
0.11701082700618667,0.32550046143765765,0.13413453846749565,0.0757552029208845,0.11701082700618667,0.30982391063997106,0.15294639942471955,0.0867287884792651,0.17534065814084074,0.2450882240583568,0.10979749341438759,-0.00848112919599288,1.49,-0.0906264323294713,0.03897510636456427,-0.20013994018292358
0.11706905752990647,0.3251786075636748,0.13409230009573694,0.07594133858671749,0.11706905752990647,0.30966882858298483,0.15270403487256484,0.08679818387320043,0.17529760876844985,0.24464004918917742,0.10947198641698,-0.008370444996174559,1.49,-0.09068355127477003,0.03873660517716539,-0.20013831553996048
0.11712728805362627,0.3248567536896919,0.13405006172397826,0.0761274742525505,0.11712728805362627,0.3095137465259986,0.15246167032041016,0.08686757926713576,0.17525455939605894,0.24419187431999806,0.1091464794195724,-0.008259760796356238,1.49,-0.09074067022006876,0.038498103989766504,-0.20013669089699737
0.11718551857734606,0.32453489981570904,0.13400782335221956,0.07631360991838348,0.11718551857734606,0.30935866446901245,0.1522193057682555,0.08693697466107109,0.17521151002366805,0.2437436994508187,0.10882097242216479,-0.008149076596537916,1.49,-0.09079778916536749,0.03825960280236762,-0.2001350662540343
0.11724374910106586,0.3242130459417262,0.13396558498046088,0.07649974558421647,0.11724374910106586,0.3092035824120262,0.15197694121610078,0.08700637005500642,0.17516846065127717,0.2432955245816393,0.1084954654247572,-0.008038392396719595,1.49,-0.09085490811066621,0.03802110161496874,-0.2001334416110712
0.1173283133527758,0.3239348481455112,0.13393521757279112,0.07665148780079672,0.1173283133527758,0.30907547925110823,0.15176646024607462,0.08705304602687876,0.17517055724421965,0.2428554248697804,0.10817424579663076,-0.007980911736321277,1.49,-0.09087597233667796,0.03779469475947359,-0.200138995429017
0.11741287760448575,0.32365665034929625,0.13390485016512138,0.07680323001737696,0.11741287760448575,0.3089473760901903,0.15155597927604847,0.0870997219987511,0.17517265383716216,0.24241532515792147,0.10785302616850434,-0.007923431075922959,1.49,-0.09089703656268971,0.03756828790397845,-0.20014454924696284
0.11749744185619569,0.32337845255308123,0.13387448275745162,0.07695497223395721,0.11749744185619569,0.3088192729292723,0.15134549830602234,0.08714639797062346,0.17517475043010464,0.24197522544606256,0.1075318065403779,-0.00786595041552464,1.49,-0.09091810078870147,0.03734188104848331,-0.20015010306490866
0.11758200610790565,0.32310025475686627,0.13384411534978188,0.07710671445053745,0.11758200610790565,0.3086911697683543,0.15113501733599619,0.0871930739424958,0.17517684702304714,0.24153512573420366,0.10721058691225147,-0.007808469755126324,1.49,-0.09093916501471322,0.03711547419298817,-0.20015565688285447
0.11766657035961559,0.3228220569606513,0.13381374794211212,0.0772584566671177,0.11766657035961559,0.3085630666074364,0.15092453636597003,0.08723974991436814,0.17517894361598962,0.24109502602234473,0.10688936728412504,-0.0077509890947280065,1.49,-0.09096022924072497,0.036889067337493024,-0.20016121070080028
0.11775113461132553,0.32254385916443634,0.13378338053444236,0.07741019888369795,0.11775113461132553,0.3084349634465184,0.15071405539594387,0.08728642588624048,0.1751810402089321,0.24065492631048582,0.1065681476559986,-0.0076935084343296885,1.49,-0.09098129346673674,0.03666266048199788,-0.20016676451874613
0.11783569886303548,0.3222656613682214,0.13375301312677262,0.07756194110027818,0.11783569886303548,0.3083068602856004,0.15050357442591772,0.08733310185811283,0.1751831368018746,0.24021482659862692,0.10624692802787217,-0.0076360277739313705,1.49,-0.09100235769274849,0.03643625362650274,-0.20017231833669194
0.11792026311474542,0.32198746357200636,0.13372264571910286,0.07771368331685843,0.11792026311474542,0.3081787571246824,0.1502930934558916,0.08737977782998518,0.1751852333948171,0.239774726886768,0.10592570839974573,-0.0075785471135330525,1.49,-0.09102342191876024,0.036209846771007595,-0.20017787215463775
0.11800482736645537,0.3217092657757914,0.13369227831143313,0.07786542553343867,0.11800482736645537,0.30805065396376446,0.15008261248586544,0.08742645380185753,0.1751873299877596,0.23933462717490908,0.1056044887716193,-0.007521066453134735,1.49,-0.091044486144772,0.035983439915512457,-0.2001834259725836
0.11808939161816531,0.32143106797957643,0.13366191090376336,0.07801716775001892,0.11808939161816531,0.3079225508028465,0.14987213151583928,0.08747312977372987,0.17518942658070208,0.23889452746305018,0.10528326914349287,-0.007463585792736417,1.49,-0.09106555037078375,0.03575703306001731,-0.2001889797905294
0.11818064826319716,0.3211978565477131,0.13364602462668068,0.07816364248393765,0.11818064826319716,0.30782442454275044,0.14969414303263584,0.08752504488741149,0.1752361571433529,0.2384918851155561,0.10498913101139365,-0.0074420467060492875,1.49,-0.09106014231695078,0.03555017024251109,-0.20019842572317678
0.11827190490822899,0.32096464511584977,0.133630138349598,0.07831011721785637,0.11827190490822899,0.3077262982826544,0.1495161545494324,0.08757696000109311,0.1752828877060037,0.238089242768062,0.10469499287929443,-0.007420507619362158,1.49,-0.09105473426311783,0.03534330742500486,-0.20020787165582415
0.11836316155326083,0.32073143368398643,0.13361425207251534,0.0784565919517751,0.11836316155326083,0.3076281720225584,0.14933816606622896,0.08762887511477471,0.1753296182686545,0.23768660042056794,0.10440085474719521,-0.007398968532675028,1.49,-0.09104932620928487,0.03513644460749864,-0.20021731758847156
0.11845441819829267,0.3204982222521231,0.13359836579543266,0.07860306668569382,0.11845441819829267,0.30753004576246235,0.14916017758302552,0.08768079022845633,0.17537634883130532,0.23728395807307384,0.10410671661509599,-0.007377429445987898,1.49,-0.0910439181554519,0.03492958178999241,-0.20022676352111893
0.11854567484332451,0.3202650108202598,0.13358247951834998,0.07874954141961255,0.11854567484332451,0.3074319195023663,0.14898218909982208,0.08773270534213795,0.17542307939395613,0.23688131572557977,0.10381257848299677,-0.007355890359300768,1.49,-0.09103851010161895,0.03472271897248619,-0.2002362094537663
0.11863693148835636,0.3200317993883965,0.1335665932412673,0.07889601615353128,0.11863693148835636,0.3073337932422703,0.14880420061661867,0.08778462045581957,0.17546980995660696,0.2364786733780857,0.10351844035089755,-0.0073343512726136385,1.49,-0.09103310204778599,0.034515856154979964,-0.20024565538641367
0.11872818813338819,0.31979858795653315,0.1335507069641846,0.07904249088745001,0.11872818813338819,0.30723566698217425,0.14862621213341523,0.08783653556950119,0.17551654051925777,0.2360760310305916,0.10322430221879833,-0.007312812185926509,1.49,-0.09102769399395302,0.03430899333747374,-0.20025510131906105
0.11881944477842003,0.3195653765246698,0.13353482068710196,0.07918896562136873,0.11881944477842003,0.3071375407220782,0.1484482236502118,0.0878884506831828,0.17556327108190858,0.23567338868309753,0.10293016408669911,-0.007291273099239379,1.49,-0.09102228594012006,0.034102130519967515,-0.20026454725170845
0.11891070142345186,0.3193321650928065,0.13351893441001927,0.07933544035528746,0.11891070142345186,0.3070394144619822,0.14827023516700835,0.08794036579686441,0.1756100016445594,0.23527074633560344,0.10263602595459989,-0.007269734012552249,1.49,-0.09101687788628711,0.03389526770246129,-0.20027399318435582
0.11900195806848371,0.31909895366094315,0.1335030481329366,0.07948191508920618,0.11900195806848371,0.30694128820188615,0.1480922466838049,0.08799228091054603,0.1756567322072102,0.23486810398810937,0.10234188782250067,-0.007248194925865119,1.49,-0.09101146983245414,0.033688404884955066,-0.2002834391170032
0.11909091124764175,0.3188690469404577,0.13347540619568987,0.07967148300825469,0.11909091124764175,0.30683295813599126,0.1479187127610495,0.08809674517138114,0.17572729913673266,0.23454333449886933,0.10210609321399955,-0.00720335343852816,1.49,-0.09100606837737568,0.033507315121343306,-0.20029414802336984
0.11917986442679979,0.3186391402199722,0.13344776425844315,0.0798610509273032,0.11917986442679979,0.3067246280700964,0.1477451788382941,0.08820120943221625,0.17579786606625508,0.2342185650096293,0.10187029860549844,-0.007158511951191201,1.49,-0.09100066692229722,0.03332622535773154,-0.20030485692973646
0.11926881760595781,0.31840923349948674,0.1334201223211964,0.0800506188463517,0.11926881760595781,0.3066162980042014,0.1475716449155387,0.08830567369305135,0.17586843299577753,0.23389379552038927,0.10163450399699733,-0.007113670463854241,1.49,-0.09099526546721876,0.03314513559411978,-0.2003155658361031
0.11935777078511585,0.3181793267790013,0.13339248038394969,0.0802401867654002,0.11935777078511585,0.30650796793830654,0.1473981109927833,0.08841013795388646,0.17593899992529996,0.23356902603114924,0.10139870938849621,-0.007068828976517282,1.49,-0.09098986401214029,0.03296404583050802,-0.20032627474246975
0.11944672396427389,0.3179494200585158,0.13336483844670297,0.08042975468444871,0.11944672396427389,0.30639963787241165,0.1472245770700279,0.08851460221472157,0.1760095668548224,0.2332442565419092,0.10116291477999509,-0.007023987489180323,1.49,-0.09098446255706183,0.032782956066896254,-0.2003369836488364
0.11953567714343193,0.31771951333803033,0.13333719650945625,0.08061932260349722,0.11953567714343193,0.30629130780651675,0.14705104314727246,0.08861906647555667,0.17608013378434487,0.23291948705266916,0.10092712017149398,-0.0069791460018433634,1.49,-0.09097906110198337,0.032601866303284495,-0.20034769255520302
0.11962463032258996,0.3174896066175449,0.13330955457220953,0.08080889052254572,0.11962463032258996,0.30618297774062186,0.14687750922451706,0.08872353073639178,0.1761507007138673,0.23259471756342912,0.10069132556299287,-0.006934304514506404,1.49,-0.0909736596469049,0.032420776539672735,-0.20035840146156966
0.11971358350174799,0.31725969989705943,0.13328191263496278,0.08099845844159423,0.11971358350174799,0.3060746476747269,0.14670397530176166,0.08882799499722688,0.17622126764338975,0.2322699480741891,0.10045553095449175,-0.006889463027169445,1.49,-0.09096825819182644,0.032239686776060976,-0.2003691103679363
0.11980253668090603,0.3170297931765739,0.13325427069771606,0.08118802636064273,0.11980253668090603,0.30596631760883203,0.14653044137900625,0.088932459258062,0.17629183457291217,0.23194517858494906,0.10021973634599063,-0.0068446215398324855,1.49,-0.09096285673674798,0.03205859701244921,-0.20037981927430293
0.11989148986006407,0.3167998864560885,0.13322662876046934,0.08137759427969124,0.11989148986006407,0.30585798754293714,0.14635690745625085,0.0890369235188971,0.17636240150243462,0.23162040909570902,0.09998394173748952,-0.006799780052495526,1.49,-0.09095745528166951,0.03187750724883745,-0.20039052818066957
0.11997626468388221,0.3165891963160502,0.1331992349558797,0.08155063712733011,0.11997626468388221,0.30575671639203034,0.14619821086470342,0.08913337307414392,0.1764292725469005,0.2313350834219458,0.09977708571795608,-0.006766738647596639,1.49,-0.09095811596990831,0.03171223846279136,-0.2004015162416037
0.12006103950770035,0.3163785061760119,0.13317184115129008,0.081723679974969,0.12006103950770035,0.3056554452411236,0.14603951427315595,0.08922982262939073,0.17649614359136634,0.23104975774818262,0.09957022969842264,-0.006733697242697752,1.49,-0.0909587766581471,0.03154696967674526,-0.20041250430253785
0.1201458143315185,0.3161678160359736,0.13314444734670045,0.08189672282260788,0.1201458143315185,0.3055541740902168,0.14588081768160852,0.08932627218463755,0.17656301463583218,0.23076443207441943,0.0993633736788892,-0.006700655837798865,1.49,-0.0909594373463859,0.031381700890699166,-0.20042349236347198
0.12023058915533665,0.3159571258959353,0.1331170535421108,0.08206976567024675,0.12023058915533665,0.30545290293931004,0.14572212109006105,0.08942272173988437,0.17662988568029805,0.23047910640065622,0.09915651765935575,-0.006667614432899978,1.49,-0.09096009803462468,0.031216432104653073,-0.20043448042440612
0.1203153639791548,0.315746435755897,0.13308965973752118,0.08224280851788562,0.1203153639791548,0.30535163178840324,0.14556342449851362,0.0895191712951312,0.17669675672476393,0.230193780726893,0.09894966163982231,-0.0066345730280010905,1.49,-0.09096075872286348,0.031051163318606977,-0.20044546848534028
0.12040013880297293,0.31553574561585873,0.13306226593293152,0.08241585136552451,0.12040013880297293,0.30525036063749644,0.14540472790696618,0.08961562085037802,0.17676362776922977,0.22990845505312982,0.09874280562028888,-0.006601531623102203,1.49,-0.09096141941110228,0.03088589453256088,-0.20045645654627442
0.12048491362679108,0.3153250554758204,0.1330348721283419,0.08258889421316339,0.12048491362679108,0.3051490894865897,0.14524603131541872,0.08971207040562484,0.1768304988136956,0.22962312937936663,0.09853594960075543,-0.006568490218203316,1.49,-0.09096208009934106,0.03072062574651479,-0.20046744460720856
0.12056968845060922,0.31511436533578213,0.13300747832375226,0.08276193706080226,0.12056968845060922,0.3050478183356829,0.14508733472387128,0.08980851996087166,0.17689736985816149,0.22933780370560342,0.098329093581222,-0.006535448813304429,1.49,-0.09096274078757986,0.030555356960468693,-0.2004784326681427
0.12065446327442736,0.3149036751957438,0.13298008451916263,0.08293497990844115,0.12065446327442736,0.30494654718477615,0.14492863813232382,0.08990496951611848,0.17696424090262736,0.2290524780318402,0.09812223756168854,-0.006502407408405542,1.49,-0.09096340147581865,0.0303900881744226,-0.20048942072907683
0.12073923809824551,0.31469298505570553,0.132952690714573,0.08310802275608002,0.12073923809824551,0.30484527603386935,0.14476994154077638,0.0900014190713653,0.1770311119470932,0.228767152358077,0.09791538154215511,-0.006469366003506655,1.49,-0.09096406216405745,0.030224819388376505,-0.20050040879001096
0.12081975112719519,0.3145037883892477,0.1329283192634934,0.08326016127291638,0.12081975112719519,0.30475455645762983,0.14462739758143475,0.0900846236250488,0.17709378579664214,0.2285054167078855,0.0977254091678022,-0.006446332950332703,1.49,-0.0909622432423938,0.030075088677131098,-0.2005111619480538
0.12090026415614487,0.3143145917227898,0.1329039478124138,0.08341229978975274,0.12090026415614487,0.30466383688139037,0.14448485362209312,0.09016782817873233,0.17715645964619112,0.22824368105769396,0.09753543679344931,-0.0064232998971587504,1.49,-0.09096042432073013,0.029925357965885694,-0.20052191510609665
0.12098077718509455,0.31412539505633197,0.13287957636133418,0.0835644383065891,0.12098077718509455,0.30457311730515085,0.1443423096627515,0.09025103273241583,0.1772191334957401,0.22798194540750244,0.0973454644190964,-0.006400266843984799,1.49,-0.09095860539906649,0.029775627254640287,-0.20053266826413949
0.12106129021404423,0.3139361983898741,0.1328552049102546,0.08371657682342547,0.12106129021404423,0.3044823977289114,0.14419976570340987,0.09033423728609935,0.17728180734528903,0.22772020975731092,0.0971554920447435,-0.006377233790810847,1.49,-0.09095678647740284,0.02962589654339488,-0.20054342142218234
0.12114180324299392,0.31374700172341624,0.132830833459175,0.08386871534026183,0.12114180324299392,0.3043916781526719,0.1440572217440682,0.09041744183978286,0.17734448119483798,0.2274584741071194,0.0969655196703906,-0.006354200737636895,1.49,-0.09095496755573917,0.029476165832149473,-0.20055417458022518
0.1212223162719436,0.3135578050569584,0.1328064620080954,0.0840208538570982,0.1212223162719436,0.30430095857643236,0.14391467778472658,0.09050064639346636,0.17740715504438695,0.22719673845692784,0.0967755472960377,-0.0063311676844629424,1.49,-0.09095314863407553,0.02932643512090407,-0.200564927738268
0.12130282930089328,0.3133686083905005,0.13278209055701579,0.08417299237393457,0.12130282930089328,0.3042102390001929,0.14377213382538495,0.09058385094714988,0.1774698288939359,0.2269350028067363,0.09658557492168479,-0.006308134631288991,1.49,-0.09095132971241188,0.029176704409658662,-0.20057568089631087
0.12138334232984296,0.3131794117240427,0.1327577191059362,0.08432513089077093,0.12138334232984296,0.3041195194239534,0.14362958986604332,0.09066705550083339,0.17753250274348487,0.2266732671565448,0.09639560254733189,-0.006285101578115039,1.49,-0.09094951079074823,0.029026973698413255,-0.2005864340543537
0.12146385535879264,0.3129902150575848,0.13273334765485661,0.08447726940760729,0.12146385535879264,0.3040287998477139,0.1434870459067017,0.0907502600545169,0.1775951765930338,0.22641153150635326,0.09620563017297899,-0.006262068524941086,1.49,-0.09094769186908457,0.028877242987167852,-0.20059718721239655
0.12154436838774232,0.31280101839112695,0.132708976203777,0.08462940792444365,0.12154436838774232,0.3039380802714744,0.14334450194736006,0.09083346460820041,0.17765785044258278,0.22614979585616174,0.09601565779862609,-0.0062390354717671345,1.49,-0.09094587294742092,0.028727512275922445,-0.20060794037043939
0.12161707099106774,0.312629966456427,0.13268652527454677,0.08476832047900544,0.12161707099106774,0.30385565771797096,0.143215695760694,0.09091033659592464,0.17771479200787532,0.2259162975147595,0.09584627015691626,-0.006216997580771692,1.49,-0.09094516072124022,0.028592572841635015,-0.20061766543911438
0.12168977359439315,0.312458914521727,0.13266407434531655,0.08490723303356723,0.12168977359439315,0.3037732351644675,0.14308688957402793,0.09098720858364887,0.17777173357316786,0.22568279917335723,0.09567688251520644,-0.00619495968977625,1.49,-0.09094444849505953,0.028457633407347586,-0.20062739050778938
0.12176247619771856,0.31228786258702707,0.13264162341608632,0.08504614558812902,0.12176247619771856,0.3036908126109641,0.14295808338736188,0.09106408057137308,0.17782867513846037,0.225449300831955,0.0955074948734966,-0.006172921798780808,1.49,-0.09094373626887883,0.028322693973060153,-0.20063711557646435
0.12183517880104397,0.3121168106523271,0.1326191724868561,0.08518505814269081,0.12183517880104397,0.30360839005746065,0.14282927720069583,0.09114095255909731,0.1778856167037529,0.22521580249055273,0.09533810723178679,-0.006150883907785365,1.49,-0.09094302404269813,0.028187754538772723,-0.20064684064513935
0.12190788140436938,0.3119457587176272,0.13259672155762586,0.08532397069725262,0.12190788140436938,0.3035259675039572,0.14270047101402977,0.09121782454682154,0.17794255826904545,0.2249823041491505,0.09516871959007696,-0.006128846016789922,1.49,-0.09094231181651743,0.028052815104485294,-0.20065656571381435
0.12198058400769479,0.31177470678292724,0.1325742706283956,0.0854628832518144,0.12198058400769479,0.30344354495045384,0.1425716648273637,0.09129469653454576,0.177999499834338,0.22474880580774825,0.09499933194836713,-0.00610680812579448,1.49,-0.09094159959033675,0.027917875670197864,-0.20066629078248935
0.1220532866110202,0.3116036548482273,0.13255181969916538,0.0856017958063762,0.1220532866110202,0.3033611223969504,0.14244285864069764,0.09137156852226999,0.17805644139963053,0.224515307466346,0.09482994430665731,-0.006084770234799038,1.49,-0.09094088736415605,0.027782936235910435,-0.20067601585116435
0.12212598921434561,0.3114326029135273,0.13252936876993515,0.08574070836093799,0.12212598921434561,0.30327869984344696,0.1423140524540316,0.0914484405099942,0.17811338296492304,0.22428180912494375,0.09466055666494748,-0.006062732343803595,1.49,-0.09094017513797535,0.027647996801623,-0.20068574091983932
0.12219869181767103,0.31126155097882735,0.13250691784070492,0.08587962091549978,0.12219869181767103,0.3031962772899435,0.1421852462673655,0.09152531249771843,0.17817032453021558,0.22404831078354148,0.09449116902323766,-0.006040694452808153,1.49,-0.09093946291179467,0.027513057367335572,-0.20069546598851432
