-0.09449668006442208,0.7789938190568358,0.04177006579632594,0.29560175016969864,-0.14977190701553333,0.8039525804956605,0.06868713821712823,0.31238698265246073,-0.15525136745142026,0.6473286264947706,0.3842033001477515,0.1918682886123157,1.49,0.20209847569171177,0.6167125196532145,-0.26211934236517664
-0.09449668006442208,0.7789938190568358,0.04177006579632594,0.29560175016969864,-0.14977190701553333,0.8039525804956605,0.06868713821712823,0.31238698265246073,-0.15525136745142026,0.6473286264947706,0.3842033001477515,0.1918682886123157,1.49,0.20209847569171177,0.6167125196532145,-0.26211934236517664
-0.09442902028162206,0.776338977216937,0.04229034422823199,0.2946740271406243,-0.14980584189803914,0.8035556208029807,0.068975311683756,0.31276360987421026,-0.1552924770493435,0.6472984755893479,0.3842612219333882,0.19177529959672962,1.49,0.2020998442204084,0.6167613127508064,-0.26207289158006897
-0.09446663569168659,0.7774534637506453,0.04131555092436396,0.29454343781255604,-0.1497876658759736,0.8046922293666525,0.06905452345546081,0.31351991636210436,-0.1549224568422275,0.6474159099661773,0.3848827400079918,0.19201062858864998,1.49,0.20197034090792798,0.6168624174826058,-0.26179542935409955
-0.0941984268142666,0.7777464731582513,0.04136201955220685,0.29420822943007796,-0.149782440712311,0.8039353967808948,0.0688136029860626,0.31269563185746285,-0.15536371954372566,0.647460159009737,0.3839309763830807,0.19164189772676907,1.49,0.20205055190610005,0.6169503665054472,-0.26198890039461453
-0.09440366059296453,0.7771856589020629,0.042329109554454875,0.2942421719336288,-0.14986657566901943,0.8042597175178438,0.06863179901454972,0.3127110496816661,-0.15536723289199497,0.6471479886481971,0.38451758814711995,0.19220071926786467,1.49,0.20225845304399542,0.6170637042223057,-0.26177050439699134
-0.09431394321059601,0.7775617273392763,0.04112636240255106,0.29447086995352934,-0.14968990638938395,0.8043152757514999,0.06913808840103945,0.31264193606730684,-0.15517020750240776,0.647413746621392,0.38453436982227046,0.19170277083526827,1.49,0.20234000420406795,0.6168368475453901,-0.26170242200907123
-0.09451946403976129,0.7774302100586217,0.04276302905411185,0.2930571179433496,-0.14977548327997708,0.8038098938083962,0.06940143304046627,0.31279905156613286,-0.15564015635767725,0.6474083899049025,0.3856049613578325,0.19158944807711012,1.49,0.2023542892078654,0.6168723130385654,-0.26146801982746937
-0.09437142944839717,0.7773745829468425,0.04166919223589836,0.2925356542474784,-0.1498176728848224,0.8045095777156069,0.06910876950338161,0.3119459865649648,-0.15529423497700612,0.6476863291382944,0.3848479095793907,0.19179121347081987,1.49,0.20221559639992498,0.617056103505457,-0.2616980941650191
-0.09423643251293386,0.7775945007811376,0.04197110897458393,0.29602855240124926,-0.14979890528128775,0.80425384461932,0.06952194892356305,0.31236761357544757,-0.1551622813122927,0.6474843565014605,0.38527395615793714,0.19158547431239,1.49,0.20205942052769832,0.6172278952096519,-0.26195574946217637
-0.09432631522205075,0.7769379417663206,0.041967095405608404,0.29495703179129246,-0.14981347296867642,0.8042445189086529,0.07002592934207114,0.31262529164490327,-0.15527038292701326,0.6474028781416732,0.38464129331985975,0.19200880686539112,1.49,0.20219428110399593,0.617018527177982,-0.26187499407613196
-0.09418297222470669,0.7770173947102523,0.0414378671326443,0.29551774965575384,-0.14976538942698975,0.8042838884075919,0.06908926371630685,0.31311475029487223,-0.15533488720377353,0.6473575624098757,0.38399404808140714,0.19134150719568088,1.49,0.2019910949096362,0.616724361954456,-0.2619022541636315
-0.09425770488294766,0.777441724418316,0.04151447128933096,0.2942405745758838,-0.14971551009915954,0.8037999122640063,0.06927081636541808,0.3132406801585308,-0.1552377157745887,0.6471106128265588,0.3850263762097843,0.1921932598789212,1.49,0.20214767343363976,0.6167893441846589,-0.26221999652594385
-0.09431818768595597,0.7775349716967452,0.04186270854709666,0.2941142151152202,-0.14996980286246744,0.8041983639108626,0.06922326364708974,0.31306647362148954,-0.1555016221286775,0.647410750785742,0.38537238440377053,0.19182026746461112,1.49,0.20218795231266173,0.6168175870672568,-0.26174561561489973
-0.09441527767685759,0.7777262954424835,0.04100957194485918,0.2941789890744749,-0.14925749986422823,0.8042745512215668,0.0692248722951973,0.31272473852360255,-0.15543111888809422,0.6473864505868824,0.3853539376538062,0.19177749440045966,1.49,0.20198805571519443,0.6173491809916336,-0.26182523447244826
-0.09419866100522696,0.7771195571868068,0.041619766513207056,0.29328310629179055,-0.14973118141572012,0.8041586412140972,0.06935838505413802,0.3125515888842563,-0.1554129820950933,0.6473298559235856,0.38446744782473624,0.1918399052589992,1.49,0.20216572421120488,0.6169481590502526,-0.261914271965912
-0.09418101187447742,0.7767981864800264,0.04269523211701914,0.294504033838684,-0.14983418161694573,0.8048038311736396,0.06967020228564678,0.31184047756801897,-0.1555052525135726,0.647456428477084,0.3853889120014736,0.1918841337581978,1.49,0.20220953328359803,0.6171467200152647,-0.26214993945853743
-0.09444385802174804,0.7774646568115603,0.04093797228722471,0.29410081663714926,-0.14936867637518508,0.80408294617736,0.0699232360501449,0.3125940263439254,-0.1551000777886167,0.6476770269383922,0.3847509337816106,0.1920023055275782,1.49,0.20210966261446883,0.6170304053784536,-0.2623175530036162
-0.09425310408254645,0.7776287686848375,0.041784919472403106,0.2945853605131702,-0.14975988602290943,0.8042192403548172,0.069540929735838,0.31249971659701764,-0.1553473599209778,0.6473806250204437,0.3852398347674859,0.1915117787140737,1.49,0.20227827832146836,0.6171148151908492,-0.2617471323695619
-0.09407151021591834,0.7772149614714062,0.040964759508417076,0.29462579053861726,-0.14990261954727657,0.8046630390224577,0.06947355830985757,0.3127389117536177,-0.15509213163914715,0.647383532013049,0.3834862080791759,0.19230383443591298,1.49,0.2022784216219846,0.616993527180496,-0.26164109116002954
-0.0941246947646936,0.7770719569908969,0.04133196608815026,0.2958004104934634,-0.14967787128856713,0.804342224054418,0.0694475483057348,0.31261125692503067,-0.15519175279940228,0.6477435025198253,0.3858053932663096,0.19210261039101212,1.49,0.2022228195456932,0.6167727693871057,-0.26190774996172783
-0.09437893347487204,0.7782116856333816,0.04160111530572716,0.29422375576966375,-0.1499490448219256,0.8041826694844203,0.06916737381993548,0.3129284017353082,-0.15512076933373548,0.6474285376148514,0.3845886718467875,0.19212647178652306,1.49,0.2023439440949918,0.6172695808429493,-0.2617335154906093
-0.09443000151998557,0.7773471700441865,0.04339190770586852,0.294255582734678,-0.14989589126706462,0.8039828158971034,0.06940597580687799,0.3125060728819579,-0.1553030703959233,0.6474244702137804,0.3845608063898885,0.19193327046340058,1.49,0.2021249397439571,0.617045173297085,-0.26177911370920093
-0.09423199092609785,0.7777962931139579,0.041461388915525865,0.29343355891057105,-0.14986680647721917,0.8042086366184301,0.0693057509189422,0.3115405173423661,-0.15536683659219827,0.6474920422923263,0.3842887031609048,0.19187107590062152,1.49,0.2018789081667477,0.6171899121143842,-0.262046581027306
-0.09410344489446482,0.7767767435488577,0.04205963073495833,0.2945486867477368,-0.14996527015676353,0.804377719179437,0.06964320936548601,0.31247255883841524,-0.15537361020676632,0.6474263075707891,0.38502947765691564,0.1919859300581203,1.49,0.20215070490047723,0.6170333640247079,-0.2621076648326123
-0.09420937194360884,0.7772459113509764,0.04217549618000713,0.29544427263142903,-0.14979068583679767,0.8039460579317682,0.0695351441743401,0.31266161026428707,-0.15538633297145948,0.6474254856525733,0.38458909886964915,0.19185453347747056,1.49,0.20230539891227295,0.6167503700746826,-0.2620653487337675
-0.09442739974110606,0.7775612074588019,0.041436069654262636,0.293977793907532,-0.149962482317621,0.8039630695750233,0.06901514901766317,0.31221339695906164,-0.15543129759300867,0.6473510298988563,0.38449849606389197,0.19204378771863145,1.49,0.20228824125021827,0.6169954837862799,-0.2615626284129488
-0.09431409846738055,0.7768911346015397,0.04018860346183009,0.2943258900160962,-0.1497551786069133,0.804035648948965,0.06958812229289502,0.31230001550077335,-0.15511049238003285,0.6472603299008988,0.3841594851469136,0.1918191071555873,1.49,0.20235284004260407,0.6168230936046325,-0.2619397855680314
-0.09421695966643288,0.777394563107118,0.04108464435878996,0.2944034253303184,-0.14981593168812993,0.8037411221494446,0.0692687546940105,0.31247414357214237,-0.15545669677456617,0.647354611613984,0.3861342554502263,0.19176136593052476,1.49,0.20218643560359728,0.616756187966104,-0.2620563594176137
-0.09438020531546062,0.7773032234055681,0.041908236750170684,0.2962260930061512,-0.14983739544295044,0.8039675976306444,0.06997258769538842,0.3124993768900651,-0.1550154583959078,0.6471215135728852,0.38498082091575825,0.19232539417663205,1.49,0.20201047122030602,0.6169075882476756,-0.2619766149054646
-0.09474740250716823,0.7774750229813951,0.04186991664590241,0.29410346043811963,-0.1497900354609363,0.8038149215161072,0.06978208681656099,0.312202635794454,-0.15554177554566315,0.6473422515575031,0.3847826497434327,0.19170911604167346,1.49,0.2020332549743024,0.6166049637625771,-0.2616538734344772
-0.09421556103796422,0.7774161689574127,0.04074963235793157,0.29401595193296953,-0.14959717835147193,0.8039050450703441,0.0696015406400245,0.3120161855156435,-0.15527419846568472,0.6474553723034044,0.38517357086597803,0.19183470664801294,1.49,0.2021716756124895,0.6170769265435255,-0.26225713971104914
-0.09433261521468705,0.7786479207033175,0.04171914046123301,0.29467638415379366,-0.14964330082357918,0.804248693146851,0.06911267451338685,0.31250904330224494,-0.1549819593267632,0.6477879354798229,0.38443261502643544,0.19184211271971785,1.49,0.2019853713083408,0.616737240845963,-0.26185720421258146
-0.09440241234561925,0.7759611840513165,0.043607181298456255,0.2945301212815141,-0.14973121040300472,0.8043717922935425,0.06917883050348245,0.3129460087974405,-0.15539980032275943,0.6474654623094782,0.38467028626586897,0.19199786903246618,1.49,0.20214058659425116,0.6169752982746218,-0.2619691633515102
-0.09445169294116292,0.7773473868217716,0.04053042330870148,0.29454507392871626,-0.14991818800475742,0.8049852541849002,0.06958235876755317,0.31255137252401993,-0.1552269576718469,0.6476528892079713,0.385087236282027,0.19221412510383237,1.49,0.20223930626983916,0.6166319543644223,-0.2619704073183652
-0.09431595410566734,0.7773914449957429,0.04039160612411881,0.29232899309083477,-0.14982807450023283,0.8041637246389961,0.06908221088599845,0.3124533772840364,-0.15523885728301706,0.6476709084411192,0.38453528583314467,0.19172472186032524,1.49,0.20214241774789465,0.6167714999009329,-0.26176362165289824
-0.09434681404254977,0.7772390867308224,0.04267795521922833,0.2943265312973689,-0.14985673926633633,0.8040787338170863,0.06943198176977845,0.31279731261104454,-0.15534220399357443,0.6474050203059136,0.38445185196226406,0.19182160474679544,1.49,0.20209385851413286,0.6170839245990077,-0.2614264810249872
-0.09430998698103032,0.7777940593804518,0.04075631241600107,0.29459261865673064,-0.14993042109850988,0.8040669519970279,0.06872197618001717,0.3127397691940702,-0.15510235441738218,0.6476055378768607,0.3845113327292201,0.19180810695866293,1.49,0.20238856042666037,0.6167379650729942,-0.2624125561117747
-0.09437435239881478,0.7782379128416986,0.0407522353008614,0.2936687735748284,-0.14980194886098672,0.8041386456675546,0.06906793791424694,0.31262738812301,-0.1554608308184205,0.6474460112867999,0.3845439745621535,0.1915468692866214,1.49,0.2021247444705994,0.6168725128260211,-0.26204037518841083
-0.09422589155471789,0.7768243291913428,0.04322482942832449,0.29403461770084116,-0.1497843519425486,0.8037021250036493,0.06920952080764106,0.31264056022849396,-0.15541570437746186,0.6475290286622581,0.3856442152257625,0.19200331047449518,1.49,0.2021520640706641,0.6171274768818811,-0.2619030562746965
-0.09436867880226431,0.7771095338584598,0.041005268013654554,0.2947366493562189,-0.14960604860914886,0.8042062452943405,0.06888318339764378,0.3135010386533657,-0.15524162184774234,0.6475806483492397,0.3843221385622293,0.19183581153972243,1.49,0.20243149794695975,0.6169670138053167,-0.2620780756945262
-0.09430915381295361,0.7791021656494889,0.04233060751413192,0.2945219459390717,-0.14977962092637415,0.8041925593731248,0.06896324974477067,0.31248251783560266,-0.15540495509704216,0.6472233151765839,0.38428426527198234,0.19181372760728682,1.49,0.2023031378464582,0.6173126995458305,-0.2617066767409051
-0.09419500189344095,0.7773225712629561,0.04152671294680792,0.294665768715073,-0.14988027270163135,0.8043030649366063,0.0684415252533731,0.3131621546683524,-0.15552941277948348,0.6474770850755125,0.38540081774080953,0.19167358304146842,1.49,0.2021462255003849,0.617013321556373,-0.2618820789070135
-0.09406784071830274,0.7772480838122601,0.03951675742165657,0.2944250501234177,-0.15016463738960845,0.8040664108356803,0.0693804223819384,0.31228693616167125,-0.155674525436172,0.6474482175841554,0.385472023632496,0.19180833603942127,1.49,0.20226598479334623,0.616895327212302,-0.26209426390193263
-0.09422405904553519,0.7780394921663955,0.0417555881846504,0.29338128314114514,-0.15009193511550514,0.8039378880367531,0.06926250692597265,0.3128495025625578,-0.1552331017641033,0.647573143388982,0.38543488403333276,0.1919237996380997,1.49,0.20227232978339355,0.6170234984165222,-0.26164837983975336
-0.09447169278896064,0.7774362189400769,0.04148083925658549,0.29421367870065934,-0.14958996348401365,0.8042674531448252,0.06916445899637219,0.31177728129438403,-0.15530108570365952,0.6474386027214281,0.383787011261212,0.19195970731366857,1.49,0.20227765095529418,0.6169866549350925,-0.26163162500920306
-0.09426668915481129,0.7772975405890735,0.041552359805891066,0.2920582735965109,-0.150171918714861,0.8044510755916551,0.0696858015274308,0.3122326018960347,-0.15546730688097338,0.6476925141457814,0.3844903696346439,0.19170911630653953,1.49,0.20216443280215712,0.6171238874704623,-0.2616150882941759
-0.09421855361399023,0.7773695826932179,0.04191021553905389,0.29596751425120005,-0.14951643630095257,0.8042018508680451,0.06929818605592927,0.31228227862141605,-0.15533012345414118,0.6475484343630805,0.38459859492556037,0.19193732992059476,1.49,0.20215386545954883,0.6169369858517744,-0.2617780819206254
-0.094384297119721,0.7769261986436686,0.03965827249466339,0.29445573329517183,-0.14986954778902817,0.8041583292926522,0.069500855930236,0.3123582079982638,-0.15524252310487033,0.6474320349406057,0.3843641865455671,0.19181886393187594,1.49,0.20206020133820302,0.6168867646813907,-0.26169773657596623
-0.09425694188370067,0.7774234040151657,0.041890405295599474,0.2944885089438132,-0.14961305642125364,0.8039956582934057,0.06900588563402961,0.31267375616676496,-0.15520592795793278,0.6476764576779417,0.3840823518520862,0.1917360684226337,1.49,0.2021184569179765,0.6169762854585815,-0.2623609242319212
-0.09433184184220997,0.7782458466757434,0.042125326227504596,0.29448337030944677,-0.15008030268339248,0.8042277925358183,0.06930313756967754,0.3123500005043504,-0.1551457389306557,0.6473782166953781,0.38357025516826226,0.19198923019212724,1.49,0.20214041434219654,0.6167782891408822,-0.26212872836523626
-0.09438716380732098,0.7763171360397483,0.03948357582954173,0.2938956046543925,-0.14979429722145818,0.8044695262119146,0.06951166462555387,0.3127288002163533,-0.15528975957721,0.6474350958307165,0.384598693481947,0.1918232244993337,1.49,0.20217470114736896,0.616559683983846,-0.2617627185061102
-0.09438388803089201,0.7773976634254353,0.04179879888339716,0.29443904284003786,-0.1498422842939976,0.8047039083843663,0.06948760743878997,0.3127582129904711,-0.15527305192752155,0.6476771922024382,0.3848273980858127,0.19168067603329522,1.49,0.20214026420840742,0.6166413946669649,-0.26196113615708383
-0.09404744273365681,0.7766709523551958,0.042733469307348795,0.2941655166739489,-0.14995607641582342,0.8048074749680156,0.0701127833009534,0.3127680137779906,-0.1550296489011528,0.6474176196097803,0.38409467775190326,0.19208545688923995,1.49,0.20226176486527975,0.6170475770091912,-0.26196592083664777
-0.09441193836854847,0.7775336845617837,0.04140016044498812,0.2940194696625301,-0.14990332191331393,0.8044592331441304,0.0695043260590804,0.31285275026959747,-0.15556102600410238,0.6476789815004891,0.3854759896669611,0.19164653942944465,1.49,0.20206090351369016,0.6172192042293887,-0.26216743425480177
-0.09428749838905942,0.7784945849407232,0.042029424633044626,0.2942610326343662,-0.14977688725289176,0.8047670995493326,0.06952082689553049,0.3133579865871998,-0.15547030064518239,0.6476116902681545,0.3842659151244214,0.19205326460877176,1.49,0.2021321645912057,0.6165207958070315,-0.2619541778634668
-0.09425869748548184,0.7768035449265337,0.043168358287971234,0.2970526624271992,-0.14960538865393652,0.8041851734377615,0.06940066567451376,0.3134849567630825,-0.15556615344795663,0.6476753066044164,0.3844919422752261,0.19207182479517806,1.49,0.20224323178955667,0.6170049154623106,-0.2621997792313219
-0.09413543259533037,0.7773809603793638,0.04154095802108921,0.29309303909910794,-0.1500824112475035,0.8040364293109594,0.06945654122071859,0.3125853183996449,-0.15525226707288578,0.6476994326876336,0.3842658819379556,0.19176488064519576,1.49,0.202209294997568,0.617210276539017,-0.26164091043086085
-0.09428761839525021,0.7775963112135245,0.04094300218246938,0.2942425033777785,-0.1501881668814764,0.8042293662240108,0.06921237050853549,0.31266245537368204,-0.15527169392374485,0.6476651987793101,0.3844615561889564,0.1923544560438784,1.49,0.2022520729755324,0.616973146052711,-0.2622254136371236
-0.0943571146943817,0.7783284792828732,0.04223256906436041,0.29436787236606116,-0.1498102476336033,0.8046011499215048,0.06928856103228762,0.31343806745371083,-0.15516081589295236,0.6475822229139259,0.3846296308031842,0.1916658860302363,1.49,0.2021113672589797,0.6173218756755967,-0.2617713627380753
-0.09439404372558466,0.7763181286852974,0.04078261725497136,0.294574628579708,-0.14978409062606945,0.8040857534772704,0.06961063860866598,0.31253918345350207,-0.15527677524043,0.6475293541564199,0.3844459012360615,0.1920391481560874,1.49,0.2020636625503671,0.6173696215280151,-0.2618135109832558
-0.09438311840483728,0.7772942300147139,0.04207830960571998,0.29420167624680293,-0.15026938381165966,0.8041780710556476,0.06918556114524983,0.31245550109025827,-0.15525357537892917,0.6477730706206863,0.3848458211743497,0.19179418490064015,1.49,0.2022132014386746,0.6170725497229689,-0.26185125928311415
-0.09427199954196086,0.777453396350614,0.04146554594509054,0.2941317514945267,-0.14975524030159232,0.8042287012434074,0.07012850455298156,0.3125501152316075,-0.15526351916333828,0.6475223167020491,0.38401843462571733,0.1917293384826753,1.49,0.20224317222436633,0.6172859270674178,-0.261779993570832
-0.09434522953386312,0.77792964252496,0.041632962010322454,0.29432630358472367,-0.14967492243119002,0.8042319089203219,0.06990604713146575,0.31234061229102145,-0.15520824632112273,0.6475084978975968,0.384148832906775,0.19197502582919596,1.49,0.2023299964218449,0.6171777357045019,-0.2617971053232865
-0.09455889018147444,0.7776569847678114,0.04216068938352422,0.2953599431665927,-0.14963201648101696,0.8044667071820156,0.06929042270200166,0.3122120320063821,-0.15534150540417807,0.6477829716055664,0.38409267759236493,0.1920560546735287,1.49,0.20235756080374492,0.6170771991630393,-0.26216025181270763
-0.09441150693886022,0.7772120733177236,0.041485752223904895,0.29517224996780067,-0.14955000122800566,0.8045202497959257,0.06906186071703246,0.31185945516706454,-0.1550639848692416,0.6475560978114214,0.38567664805821456,0.19213476701541995,1.49,0.20222418004117934,0.6174429445855288,-0.2621059167153137
-0.09429384073163098,0.7773610564854484,0.04145300677231967,0.2926468725022663,-0.14980276708380286,0.8044048096554872,0.0696822125842888,0.3124375759909695,-0.1554917955420779,0.6477175648378639,0.385096854327516,0.19179881653021819,1.49,0.20220125308405096,0.6167330725373127,-0.2619246534854878
-0.09433477781693941,0.7768090770056019,0.041579561789384434,0.2942912692078985,-0.14989023288120806,0.8043756002973355,0.06890062533603743,0.3123049808941413,-0.15546427303386348,0.6479226931508023,0.38450565081856536,0.19202360296636328,1.49,0.20221424444385944,0.6174382674347477,-0.26208002368619565
-0.09418180381358371,0.7774255639394999,0.04008839817922838,0.29441393796561754,-0.15020899252421313,0.8044813904132597,0.0692431755718446,0.3122630662376346,-0.15508082673928894,0.6477670754932392,0.385687840809551,0.19198628820495273,1.49,0.2023491734138457,0.6171025234557261,-0.26179147773769906
-0.09432915449835884,0.7773387784907938,0.04158337354373229,0.29593983148655945,-0.15021359841391968,0.804957551971918,0.06923695511278818,0.31257224037918385,-0.15540508487232374,0.647771687163859,0.3850190807279262,0.19164558529341827,1.49,0.20224569620507615,0.6174348786886561,-0.26176192618375127
-0.09446884150641147,0.776295480873641,0.0418265597951519,0.29179274010638406,-0.15005317523908243,0.8046232865086023,0.06859595284057823,0.3128187795356385,-0.15527937345978562,0.6479222837190766,0.3849536491820352,0.19179142375445696,1.49,0.20220846964839445,0.6172375667174864,-0.26195550570246867
-0.09431211330845524,0.7769635073601557,0.04140210757672485,0.29432165526202253,-0.1499961594181118,0.8046454071907478,0.06932670775605168,0.3125759635417695,-0.15521917109339198,0.6477523187376655,0.3849763947918443,0.19183657583156538,1.49,0.20215725245895277,0.6173686440264521,-0.2617301526868495
-0.09444988579853625,0.779696459269331,0.04194276884093214,0.29601669266381625,-0.1499110066703565,0.8046797198117153,0.06923821634672854,0.31289265273180983,-0.15543817387651607,0.6477169909538429,0.3840969763075729,0.19169519055911055,1.49,0.2022103509977916,0.6170942546312166,-0.2620697980012003
-0.09434290559390551,0.7769240368668876,0.0425684377115333,0.294855718141826,-0.14995801531626538,0.8045337700787473,0.06931356983162226,0.3124016884200858,-0.15567121897533595,0.6475899620310419,0.3839619797890309,0.19226709049608015,1.49,0.20216977495616695,0.6172123657401845,-0.26174508475635694
-0.09449672142407922,0.7772533322999386,0.04009790245007749,0.29500435389887036,-0.1500028583968299,0.8043736998194937,0.06909573105684397,0.31230751893069614,-0.1552063143545207,0.6477278014977976,0.3841216114083837,0.19226246871016395,1.49,0.20219008253487236,0.6173766866624386,-0.26192448338438146
-0.09434684737750888,0.7782413079192663,0.04110837632746644,0.2939844868925457,-0.14987163697083242,0.8045181602841615,0.0694548160823343,0.31264589891099864,-0.15529877308223267,0.647705686611229,0.3839993366831458,0.191838280255964,1.49,0.2020542628995926,0.6172830233488584,-0.2619306674145627
-0.09430986255687912,0.7773588975719327,0.04199327939105632,0.29420134254492647,-0.1500314573199629,0.8045680143571399,0.06944856088368029,0.3131015724777692,-0.1554905227746689,0.647803465228661,0.38420073754213807,0.19170978880456996,1.49,0.2023335786104632,0.6171350046058477,-0.2621698372239624
-0.09432184625431139,0.7776012100815258,0.0415256370969174,0.2945094717947857,-0.14969709157303246,0.8042335453031301,0.06906226808275776,0.31303601845468565,-0.1555418082632358,0.6476933871126817,0.3854103232728042,0.19189017656928498,1.49,0.20234367713053902,0.6173790669020398,-0.2622789993475824
-0.09421820801266474,0.7777680303665453,0.04243014673590251,0.2937774961916104,-0.1497105886848986,0.804238644553409,0.06935879304329487,0.3123494985969101,-0.15540362260571908,0.6479238937985613,0.38403195598012546,0.19191826636533588,1.49,0.20222484661744483,0.6170571418036934,-0.2620790069039165
-0.0942549213018185,0.7773411749216234,0.042539613707658186,0.2925457868698974,-0.14991021953337422,0.8040897706267283,0.06945613068397316,0.31265296251094804,-0.1554065786192154,0.6476971879635265,0.3844245952136721,0.19189105953196295,1.49,0.20211973073285677,0.6170036710236737,-0.26195575027650686
-0.09423540498142846,0.7775420161102106,0.04155902747588181,0.29639995749593473,-0.14979111668472617,0.8050944343443361,0.06934475129974471,0.31224378216294324,-0.1552463473395376,0.6476111089520357,0.3852991735001661,0.192334910525093,1.49,0.20232001168352803,0.6167230877485411,-0.26197800999960175
-0.09428467460616693,0.7777257626397237,0.04335407862161359,0.2949488551885424,-0.1500573808041963,0.8042659671154729,0.06941041054553457,0.3132378471233691,-0.1553707175098928,0.647841058352792,0.3841531045129002,0.19163943843316716,1.49,0.2021521260861447,0.6170212682178979,-0.26219202441105954
-0.09421374997034442,0.7767966468493717,0.04131659080077944,0.2948855656766095,-0.14970118052710368,0.804904328394463,0.06944996896572232,0.31270063965067496,-0.15524143410994895,0.6479160407446256,0.38416321176110324,0.19201993773794085,1.49,0.20219433738357523,0.6168104444045165,-0.26181289744279285
-0.0942316957321095,0.7772146763736139,0.039151948341607255,0.29409373595471866,-0.14972960855510117,0.8046331878208852,0.06867189395509453,0.3125285758613009,-0.15534606426888403,0.6476887052378294,0.38370193937931646,0.1919322832833521,1.49,0.20251624820963693,0.6168758268152434,-0.2623718805056061
-0.09411108313782132,0.7780257122277792,0.04180718698118446,0.2942799054100574,-0.14979420977550112,0.8046171049553477,0.06850712053147022,0.31244058185769014,-0.15533891932546523,0.6477463681107578,0.3847316615750321,0.1920703905019609,1.49,0.20201372711214957,0.6170038465166137,-0.2620643772292081
-0.09435337862842076,0.7781130753276619,0.040306975258068166,0.29439502584161986,-0.14962481054901716,0.8042323660076263,0.06928816374232753,0.3129999713314296,-0.15496968255405227,0.6477196009280319,0.38507907490150467,0.19175486202639697,1.49,0.20220243431116813,0.6170020557764792,-0.26189909648907456
-0.09439341282554516,0.776639969285846,0.041721252392069225,0.29430671706753475,-0.14997138495346723,0.8046386288646549,0.06927439522285876,0.3127993408241479,-0.15507914759046448,0.6478033677755348,0.3849825047629966,0.1917862674551648,1.49,0.2020158110343841,0.6174263908199676,-0.262010466083109
-0.09411592462590618,0.7773508377322319,0.04195997326733705,0.2936003088815794,-0.14959736490509096,0.8048342670441545,0.06906735297072641,0.312769699419409,-0.1550660197405966,0.6475025054072964,0.38511902854036995,0.1923164302497012,1.49,0.20225443860490588,0.6171588942525026,-0.26198828379515626
-0.09410754101714933,0.7773592355335799,0.041683711318076376,0.2933818008106396,-0.14964055072226898,0.8048615182287137,0.06961524947935688,0.31264858350461877,-0.15535564579918096,0.6479013934818778,0.38536853455000913,0.19159943784802708,1.49,0.20224881283448254,0.6167878513152627,-0.26198066202588377
-0.09422900238982308,0.7770374717675215,0.04181095056591642,0.29615816322690536,-0.1496082401670527,0.8040486713468964,0.06912537726821161,0.3131035959925351,-0.1555872394751986,0.6477572384897821,0.3848030228076602,0.1920940138574295,1.49,0.20209148739011257,0.6175275271320746,-0.2619295092973513
-0.09419183143126164,0.7763337595401283,0.041893709479382535,0.2947192771161574,-0.14979068057541386,0.804434827551021,0.06951006417862199,0.31250414943963534,-0.15562363823274653,0.6478604255357879,0.385494831835792,0.1920440615123643,1.49,0.20199498860183446,0.6173763744701727,-0.26202880085013747
-0.0940225374160788,0.7771331747485565,0.04046738023415482,0.2952057101838829,-0.14989197056572046,0.80431441283603,0.06961783091263851,0.3129090885947576,-0.15543752478181522,0.6477916634910323,0.38434315270061425,0.1921156568768315,1.49,0.2022058176717932,0.6174887738095489,-0.261828778017711
-0.0942078336348775,0.7775985423312309,0.03952367485237203,0.2917828815519101,-0.14989134894667203,0.8040688098265865,0.06966719736645972,0.3132151542919412,-0.15524082438727246,0.6476287380222543,0.3852600465764796,0.19198547318720127,1.49,0.2019975909190411,0.6174548411677218,-0.26195183536973354
-0.09421254609076575,0.7768422257876555,0.041854155096289335,0.29437883140788246,-0.14981229231721446,0.8044998253494994,0.06929016129930343,0.3128664989964539,-0.15555582090195996,0.6478396108777998,0.38419563235323256,0.19147764067685563,1.49,0.2020458895568751,0.6171080147616256,-0.26215100447385237
-0.09424303489467784,0.7774376722018198,0.04113596173273449,0.2943280705712916,-0.14953315816254828,0.8042425479117017,0.06922647563644845,0.3129030606740725,-0.15544457040246343,0.6477194583844503,0.3843863791715721,0.19196932843686776,1.49,0.20250698302879586,0.6169754886997058,-0.2619661278605443
-0.09406781822446672,0.7779603473437917,0.04170652584246272,0.2953628116808289,-0.14987419784476005,0.804170170651687,0.06941889188737993,0.3126464440179817,-0.15522718598758967,0.647572875921963,0.38447597688712626,0.19151399944817338,1.49,0.2021942600988328,0.617211466929965,-0.2620877808248749
-0.09417598295551255,0.7767525436718535,0.04257242539836767,0.2941858906603108,-0.14978675718451712,0.8045556991613163,0.06978051024937117,0.31225849261586935,-0.155172349646779,0.6477683792230653,0.38443644998232784,0.19147629829990642,1.49,0.20209591412076985,0.6170526103919507,-0.26156258323208387
-0.09448283918081084,0.7774624889354544,0.03981026455648516,0.294272952523939,-0.14977958020496016,0.8042775754434617,0.06926963060425748,0.3123362179706503,-0.1552591940608056,0.6476385169687595,0.38423351667788663,0.1921884814653319,1.49,0.20233259854585767,0.6170750089174255,-0.2621489747993617
-0.09430005325576747,0.7793147885192019,0.04329868043176865,0.29461025872481794,-0.14991724271717985,0.8043280061729304,0.0690952744069377,0.3121063807793128,-0.15521190314469352,0.647788195115432,0.3845581407192298,0.19213712198749858,1.49,0.20229138784374992,0.6170496463889606,-0.26204980923510446
-0.09424721586274575,0.7765707774657095,0.04249446394570144,0.2947825705859822,-0.14983822392840357,0.8044909328983048,0.06891999004519207,0.31289630086659004,-0.15516489243843412,0.6477733649084512,0.38516775879627285,0.19187642235817487,1.49,0.20220396325584195,0.6170824759931044,-0.2621475369114424
-0.09407436302421221,0.7773639308700769,0.04114115133688608,0.2945099334471159,-0.14985172859463242,0.8046461354857168,0.06897387710434662,0.3127804782668274,-0.15544121238196912,0.6478205167791136,0.3843698865551785,0.19164315574971524,1.49,0.20222222250417865,0.6170060772292943,-0.26148986770131216
-0.09429220928228618,0.7783195718508991,0.04094906856140359,0.293402641791217,-0.1499184610827325,0.8043844596042948,0.06969324640465965,0.31310267261760005,-0.15534253687861088,0.6476888740216278,0.3855150679650077,0.19199198923935423,1.49,0.20240894854454788,0.6167842854660982,-0.2617690807852606
-0.09423037845841736,0.7775859962660961,0.0407245661465905,0.2942960604420233,-0.14991978876558365,0.804545367197749,0.06891854277015041,0.31235829625167455,-0.1550113806717571,0.6479997850595545,0.38536048083691754,0.19204400977905325,1.49,0.20214103737580724,0.6168506302385429,-0.2622458097744182
-0.09405558329360089,0.7775366154362566,0.04185357298900594,0.2946508851564977,-0.15023997703899453,0.8048653477033438,0.06913985617049982,0.31264620899382617,-0.15559207915241677,0.6478184950041542,0.38449860275480513,0.19203236401233792,1.49,0.2020642053005225,0.6168556015019414,-0.2617132270729625
-0.0941766480648792,0.7775372644387452,0.042202404544925715,0.29216257940631474,-0.15006670399640712,0.8046068114487481,0.06896353727860736,0.312406651465603,-0.15539665740371308,0.6477123578470056,0.38491057996538847,0.19172974713075108,1.49,0.20205311908073897,0.6168698691796672,-0.2620649578119604
-0.09434863194626278,0.7772276679886186,0.04315899723126698,0.29334064960836337,-0.14996400924540648,0.8044828520323151,0.06941363973807702,0.31239886525187277,-0.1552801780598393,0.6476060421919352,0.38381760320435643,0.19187575304096355,1.49,0.2023905905441768,0.6169053993139622,-0.26219706820003874
-0.09427441402850172,0.7776352117636288,0.04158399503751409,0.2946478263599504,-0.14992099137706638,0.8045094779551998,0.06911194931108157,0.3129652336382075,-0.15546353828958562,0.6476791117858309,0.3842567797730148,0.1918977213275167,1.49,0.2022010285922709,0.6166719038067238,-0.26157298860613515
-0.09413583591350612,0.7773067818279751,0.04261146040387049,0.29484761810125604,-0.1498014821161171,0.8046640083280909,0.06930889698842858,0.31262470051373314,-0.1551871655583452,0.6476299664001537,0.3856489935343631,0.19212070782805202,1.49,0.20231625145616675,0.6165573647293592,-0.2617006005564607
-0.09424308883067536,0.7771822241362353,0.0414042929065732,0.2961512512804851,-0.1498352023642203,0.8044917793746538,0.06895931547451252,0.31271715931756205,-0.15538409274273612,0.6476261137473226,0.38455580840056747,0.19207119715852247,1.49,0.2022272313361731,0.61706107586835,-0.26204190861538157
-0.09423007786141663,0.7774280374622834,0.041240127255203686,0.29439074000053433,-0.14984771855458845,0.8046438898104573,0.06933370550630732,0.31295891809467263,-0.1554127770650421,0.6478679552848152,0.3850035045578392,0.19198938371000976,1.49,0.2024538659020405,0.6166537186972691,-0.2615920585090143
-0.09408842635986793,0.7777394479248514,0.041649189542972136,0.29427698978295974,-0.14998272109805036,0.8036521658472302,0.06935189759114294,0.31272054464626065,-0.15535455941084408,0.6476054394573458,0.3848810177841382,0.19168789744508502,1.49,0.20225981952468983,0.6174305555086899,-0.2618432444821575
-0.09423680191360534,0.7781171115161237,0.04123630525854796,0.2942621607959177,-0.15003440741873691,0.804289431885828,0.0697375415294105,0.3135707327629077,-0.15528787124221521,0.6475891956529174,0.3850689264432128,0.19204364841158714,1.49,0.20219126005471055,0.6172380319084814,-0.26167853027220017
-0.09436089536154313,0.7768581526454605,0.04157317793986686,0.29453652620359283,-0.15016150193076966,0.8045232514585936,0.06946275661246096,0.31276422533066806,-0.15511719240610256,0.6477699478256812,0.3851422890586602,0.1920752232491248,1.49,0.20231667541194542,0.6168861324594094,-0.2622338041693503
-0.09417704849968957,0.7773955846569789,0.041810766989722345,0.2923235975492143,-0.14980763220790377,0.8045515651471999,0.06926818238523702,0.3125258514083929,-0.1553563248132404,0.647721150383706,0.3849533300380408,0.19180668152832298,1.49,0.2020873520254616,0.617023425667658,-0.26176389481137335
-0.09422000169120034,0.7775012546664597,0.041468235995425526,0.2941893026136291,-0.14959758103517296,0.8041081209813397,0.06935596037697406,0.312275396879254,-0.15518796480703093,0.6476249731883708,0.3836831441985741,0.19187829462134057,1.49,0.20213525192729262,0.6168413770261313,-0.26165287630418593
-0.09429627241855748,0.7776624205729641,0.041618580505153775,0.29589710200056946,-0.14992657752463262,0.8038066799178983,0.06946234207313741,0.31135604405343065,-0.1556681756081435,0.647501244885985,0.38405370364128777,0.19202489804465356,1.49,0.2020865544611256,0.6173800350135883,-0.26166618484611026
-0.09430684235743944,0.7766918585837896,0.04217399556267862,0.29468167848002386,-0.1498395490083886,0.804435082918527,0.0697672097962752,0.3121978505603475,-0.1554898627333625,0.6476801257227477,0.3845784622943411,0.19197610542756274,1.49,0.2024105619502469,0.6170273298919311,-0.2618635034572562
-0.09437207583838494,0.7771320491326361,0.04003194073103388,0.2954090328496819,-0.149629975304503,0.8043625458320777,0.06929043508650737,0.3124152370199744,-0.15520760627398278,0.6478545729310455,0.3850256400880143,0.1919218486975911,1.49,0.202198088212803,0.6169285850183017,-0.26168331985987614
-0.09421163629677183,0.7774839644854548,0.03933220651588373,0.2923409522263405,-0.14960813290104252,0.804512737246129,0.06940333245249528,0.3123871220914486,-0.1554221096430736,0.6479688459980374,0.38421687916936487,0.19194538129329622,1.49,0.20222589536933194,0.6171449410444549,-0.261763055357653
-0.09437781923174703,0.776677235701805,0.04178050561974089,0.2944214525378654,-0.14998969981953225,0.8043614836787839,0.0691927276184012,0.31297334256280174,-0.15538886455005052,0.6478805509355604,0.3848185820135231,0.19197878287519263,1.49,0.20226601329978183,0.6171310080313906,-0.26187532227668875
-0.09415625297581742,0.7777610985687158,0.040800587827943414,0.2946081883748234,-0.14968230663747367,0.804422840826555,0.06947398953989942,0.31232422696788087,-0.15519187357207112,0.6477224123128189,0.3842353891339809,0.191854913287408,1.49,0.20211337984245384,0.617378025516352,-0.2615809427705613
-0.09427739764377456,0.7766491276976236,0.04168221018521576,0.2942011804510718,-0.1498741290611443,0.8044581161434119,0.06891612016379996,0.31228305408780765,-0.15532253683201655,0.6476606617378411,0.3848292332330688,0.1919426333715798,1.49,0.20226328318894166,0.6171393664654282,-0.26171410587326727
-0.09427631155116636,0.7768844332609992,0.04350066959909585,0.29426811281847104,-0.14957513633935587,0.8044856487247904,0.06844317675168651,0.3119613601462093,-0.1552055851389837,0.6476624087183478,0.384656584292666,0.19196905030567413,1.49,0.20230327367848291,0.6167917181342961,-0.2615334278814059
-0.09423169965023398,0.7777070781495488,0.04090612870350043,0.29421422181783097,-0.15000298663053055,0.804346815384387,0.06888583208621732,0.312612657617111,-0.15511581282540945,0.6476159031942661,0.38449813888454454,0.1918467231412253,1.49,0.2022460531433729,0.616751244270106,-0.26189090112975943
-0.09423512126084312,0.7776441179285554,0.04197024881800133,0.2946034365875169,-0.14978976316562576,0.8046578650705067,0.06879264552398345,0.3129613285106077,-0.15529048793771996,0.6477346175298714,0.38415348587166326,0.19184369242520938,1.49,0.20225329310262097,0.616765664869056,-0.26185667685205
-0.09408344957097374,0.776904692905514,0.04228245020961294,0.2949213195931822,-0.14968151854711192,0.8043360993732267,0.06901646239208264,0.31269248792283355,-0.1555991461504517,0.647565823932305,0.38432644882704864,0.19169125113628258,1.49,0.20222900993464712,0.6167845053485225,-0.26169601457359615
-0.09424177880783886,0.777170377591039,0.040825572511329615,0.2948670615472772,-0.14989034942804338,0.8041649812963306,0.06927185590335382,0.3124498962063679,-0.15532259732937173,0.6478328437986086,0.38522742685779054,0.19175230688094724,1.49,0.20227971130325123,0.6172558405320009,-0.2615099685363226
-0.0944643207773169,0.7778918157048854,0.04138822831806849,0.2928117150163505,-0.15018261735897812,0.8045944520348409,0.06960579633608371,0.3129389390049092,-0.15506830047620165,0.6476343811780609,0.3852453797471069,0.19182255590938113,1.49,0.20216414218657863,0.616805200648403,-0.2620191005171327
-0.09438772521247868,0.7768517938335424,0.04207400659552968,0.2943780240208866,-0.14982258828851377,0.8044962348509033,0.06891299858480424,0.31312101958469024,-0.1553642772397758,0.6475692070554641,0.384674512054402,0.19203213825193083,1.49,0.20231057751011527,0.6170252987192631,-0.2614731288785598
-0.09421550149100705,0.7777942444486341,0.04139679784400962,0.29456091440558424,-0.14985116973007329,0.8046843373728354,0.06960889830300837,0.31280966416365447,-0.15546710511643888,0.6475389601203885,0.3851825871741879,0.19195191804695252,1.49,0.20218727248607438,0.616816446313948,-0.26174672282322686
-0.09424045591532829,0.7774036702777289,0.04198483135172575,0.2949698020640172,-0.1497791127604361,0.8047603672772152,0.06885144164944951,0.31238587415180297,-0.15538948646060818,0.647514537883612,0.38363619844317837,0.1919095693579404,1.49,0.20226329785491026,0.6168089451059533,-0.26194484816980135
-0.09432616848683884,0.7771169333241649,0.04214347837389735,0.2936593804764625,-0.14974096305351994,0.8049413819484983,0.06929143945449727,0.3120792072376943,-0.15504765519942545,0.6476610624366848,0.3851884310931382,0.19174395696641688,1.49,0.20232541590250247,0.6174381925358607,-0.2620143575477621
-0.09433813515237541,0.7773301115161735,0.041510307466722005,0.2962351972186975,-0.14968261101348207,0.8047476832109525,0.06946452948889618,0.31189120154121397,-0.15551301209798526,0.6476774270242278,0.3853011599879578,0.19199598592387293,1.49,0.20241490422669367,0.617317697908021,-0.26199154984527995
-0.09435641956505482,0.7792636270731959,0.04297438335045518,0.2944490687568826,-0.14965662982460218,0.8046077363800788,0.06942876806391914,0.3122862483069132,-0.15535684948184803,0.6476590333026757,0.3845249555451076,0.19205700474839954,1.49,0.20216187707942476,0.6168356182537849,-0.2620559778281314
-0.0940966517436416,0.7774034460418546,0.04185290220830392,0.29475564034841073,-0.1497419502013887,0.8045864077751521,0.06943560413807259,0.3123700638901122,-0.15533545174669638,0.6479089604871653,0.38570112139533347,0.19196182926798627,1.49,0.20210193188562542,0.6170625507183495,-0.2619505096602732
-0.09424694476962801,0.7772204209630653,0.039478734668130615,0.29427595725823685,-0.1497540924265185,0.804198372462944,0.06928816698778913,0.3127152939253367,-0.1552889853635903,0.6480436697202943,0.38552080998701543,0.19176085998490297,1.49,0.2024077509184169,0.6172079764161,-0.26199033972655866
-0.09427765729877507,0.777816416839757,0.041740253991600466,0.29396438559214694,-0.1499887420915178,0.8045652203022242,0.06949323723967743,0.3127648519800509,-0.1553946979625906,0.6478213770197975,0.3853505851326217,0.19215053607711308,1.49,0.20218298198984586,0.617472837840928,-0.2618783025917458
-0.09426507837269842,0.7773702323314655,0.04168932267952708,0.2940732183541233,-0.1498977131819572,0.8039917645622886,0.06943296831194105,0.3127502239079869,-0.15551427394343448,0.6476441727811699,0.3845676779475916,0.19182030260390004,1.49,0.2023703272797775,0.6172564293532186,-0.26222274397113315
-0.09434515713649737,0.7776778010797332,0.041423009342613094,0.29419784334935517,-0.1497599963087451,0.8046420882056416,0.06946919669449766,0.3130526440810647,-0.15520876307127168,0.6475711790829226,0.38461887853143994,0.19170644684495108,1.49,0.20238023201600142,0.6173098565927182,-0.2619770710383274
-0.09419934685756884,0.7774612224160687,0.04215888032916713,0.29504286981976874,-0.14990606215503227,0.8048363607937689,0.070483719361434,0.3123887299305504,-0.15512803078195775,0.6475996074301502,0.38427631950797725,0.1920489793777591,1.49,0.20218802759058663,0.6170193338931267,-0.2620922415116925
-0.09421988877357669,0.7770238008397573,0.04159832320435047,0.2928068780170512,-0.14973044450310122,0.8045603565113183,0.06947554509516644,0.31289259167915573,-0.15533247398361544,0.6478560651781926,0.3845036545142375,0.19156484862165107,1.49,0.20223253020818374,0.6172661097710144,-0.26218337855129703
-0.09423079772517405,0.7776586704840899,0.04236880033600996,0.2946706813341903,-0.14974185244645805,0.8043495594080534,0.06884654932043648,0.3129060350551251,-0.15526081368716688,0.6477701087850669,0.3846863931344898,0.19203674336911755,1.49,0.20212855647436687,0.617243863045532,-0.2617172624876326
-0.09418230914848374,0.7789154634802367,0.04181582151112413,0.29463887959915674,-0.14976445366561497,0.8048312281132912,0.06853864288599043,0.31279061942326125,-0.1553392062980298,0.6476717166409061,0.38439613987778615,0.19202989875180868,1.49,0.20222394085775153,0.6172030851806536,-0.262068774851597
-0.09414772146581504,0.7760212327476536,0.04129065983182781,0.2949810913305965,-0.14975305834053357,0.8045819295668534,0.06860213877761878,0.3129808614922903,-0.15563267422487911,0.6477911830614662,0.3838700100190987,0.19204786602114166,1.49,0.2021640570966719,0.6168168301431125,-0.2616860587040248
-0.09417040528180294,0.7774573561513713,0.04145665586954739,0.2943198200029705,-0.1500664214056056,0.8041430224934994,0.06857602111226639,0.3126654797409111,-0.15554830268627107,0.6476147612474707,0.38462422544420843,0.19177773296273715,1.49,0.20188272075805686,0.6173549051343497,-0.26222684606010815
-0.0942516378491135,0.7767425404598411,0.041719752417450615,0.2942542455525342,-0.1497971506022954,0.8044907239448009,0.06835341699542674,0.3129915734577301,-0.1551801634310023,0.6475292705729252,0.3846540480798556,0.1916639433619738,1.49,0.20218337348132084,0.6171986551680231,-0.26185719400773544
-0.09437406511041133,0.7775240490321609,0.04201025295943436,0.2940418863864972,-0.14986119779916132,0.804773523560181,0.06887654080840369,0.31317907675785434,-0.15551404988127354,0.6477544037765316,0.38556909899872555,0.19184491807039894,1.49,0.20214028107226467,0.6171964709474298,-0.2616912924806059
-0.09423812558247471,0.7776067651073334,0.04174858599733959,0.2936977212442029,-0.14995039667299162,0.8047704962861432,0.06896708335378413,0.31158488937629386,-0.15497078468728753,0.6478110288194572,0.3846575843759037,0.19194462745250115,1.49,0.20229084363902672,0.6177451443456561,-0.2617742604451529
-0.09424543714311699,0.7773594129716519,0.04195953030399389,0.2951328865523127,-0.14976813920008195,0.8050395663490251,0.06942432109998845,0.3127316608576051,-0.15534120111826996,0.6476280445233814,0.38518544294255297,0.19229803313633723,1.49,0.20195158655494075,0.6172587336508617,-0.26194598586646456
-0.09421589254173765,0.7774930308515399,0.04029128197553333,0.29450882517354743,-0.14995730930823864,0.8047858640154807,0.06930801293731588,0.3124543096114929,-0.15521280075787622,0.6480391831610267,0.38513873301499635,0.19194988495760654,1.49,0.2020328975679699,0.6172257870818129,-0.2620733758110061
-0.09424340867796652,0.7776078288032637,0.04346697043618869,0.29374416055147584,-0.14961052570267347,0.8050260181941145,0.06952535255566339,0.31283124438245336,-0.15538424518123722,0.6478492235215727,0.38469622486882527,0.1917789814671998,1.49,0.20206906036078023,0.6172789793038732,-0.2617476606030588
-0.09423360541863982,0.7782226999298758,0.041638170755440775,0.2947707591432238,-0.1500764292535656,0.8048625101499516,0.06892595160292805,0.3120596401138677,-0.1553928908191015,0.6477961155808052,0.3849318544123705,0.19188292664101242,1.49,0.20231679010346543,0.6174708667268967,-0.26176812125635646
-0.09439228588360692,0.7766532662723159,0.040510291764704796,0.29483900756962633,-0.14976683490320708,0.8053552479541102,0.06924465370682546,0.3127082103951296,-0.1550594788076724,0.6478819346324375,0.38433553258973707,0.19192425847770656,1.49,0.20220330997876756,0.6174079501881262,-0.2620118440107223
-0.09432409160816181,0.7774260470862242,0.04136675952904218,0.2943584775280317,-0.14972785668656918,0.805267351131166,0.06894648713387037,0.3130995308794128,-0.15543016526087716,0.6476294866326385,0.38440314152660565,0.1920731067034543,1.49,0.20223196510072516,0.6169649278113373,-0.2617834571976457
-0.09427909503114451,0.7774353421297928,0.041656209016187745,0.29425168844441707,-0.14979907607528886,0.8048899160576702,0.06902109192624911,0.31291999697578565,-0.15520433090575642,0.6477304103228743,0.38454920469656995,0.1917059645962361,1.49,0.20230752158908227,0.6174454629876377,-0.26205878225679446
-0.09449177125132932,0.7777754945054353,0.04022734143532731,0.29439660707284276,-0.14980251749228313,0.8048812166388943,0.06926662665340691,0.31276891566642917,-0.15508229121653538,0.64762068715741,0.384397915945435,0.19157610858775975,1.49,0.20211987694882183,0.6170185136292213,-0.26185052233085787
-0.09417977988228618,0.777361924216698,0.04171043178192345,0.29217891249017114,-0.14988264154764175,0.8052498333124343,0.06934738893405498,0.312352275699098,-0.15507047181150474,0.6478141320791013,0.38421730998036396,0.19187685105025148,1.49,0.20221763265176687,0.6167770264998385,-0.26189159041446974
-0.09414728393721014,0.776755059783482,0.04245677884207764,0.29414750524790717,-0.14990289962059675,0.8052215639320153,0.06925304399775925,0.31266081520949873,-0.1552974867206546,0.6482651377153221,0.38491646898772114,0.1918976316509367,1.49,0.20233987884636329,0.617343704496252,-0.2619049194041591
-0.09443501164923038,0.7775000219361383,0.04088948683613942,0.29580509610912537,-0.1497021602321341,0.8053419060983812,0.0692452215704966,0.3126886518503621,-0.15538661133588402,0.6476121978522116,0.3837997578630555,0.19185799967023534,1.49,0.20238262116192177,0.6174569527059792,-0.2615156346868594
-0.09435363547083067,0.7777174259074208,0.04281848105209952,0.2947132244178486,-0.149931240866105,0.8054127866268221,0.06968768041079276,0.3128561193427054,-0.1549830787895752,0.6477230706120314,0.3845611916173194,0.19179025374034306,1.49,0.2022497807541072,0.6169825043770023,-0.2619171766263788
-0.0941788744133081,0.7782431984023176,0.041863508452106526,0.29458660606544096,-0.14969891915294678,0.8045892492322314,0.06981017573497544,0.3129327022914903,-0.15543572553537668,0.6476740949590796,0.3859508102849646,0.1918278499058907,1.49,0.20231288456299867,0.6173003361472291,-0.2624331826986014
-0.09410618851446523,0.7766617403607731,0.04036839042702368,0.29466411460524966,-0.14995435285912884,0.8047958507786812,0.06952375754898436,0.3123686400086225,-0.15540260294663866,0.6478053961508824,0.3844486318550946,0.1915022680039819,1.49,0.20199510820143335,0.6175192361723774,-0.26178708648936466
-0.09440073860369956,0.777418885060484,0.04152338002135296,0.2942302596609172,-0.14982004671166582,0.8050387658247675,0.06879115793975756,0.3124336798966364,-0.15524583936249092,0.6476735669945203,0.38481143621039837,0.1922038093798957,1.49,0.20222581714590082,0.6163528064587456,-0.2620012067480907
-0.09428351906091872,0.7768720735527357,0.04188621009561973,0.29435271709008864,-0.1499580853434046,0.8048461753836625,0.06927326293089489,0.31378851958348564,-0.1554562039954928,0.6476632600000263,0.3852896155407242,0.19178479006218574,1.49,0.2020159191066591,0.6173566683880528,-0.26230572350600334
-0.09433729747932401,0.777804303196495,0.04021153268829109,0.29405734526597876,-0.149924702666162,0.8044496310121468,0.0691672367340031,0.3129402856687923,-0.15522341027458103,0.6479335868494813,0.3834131377891361,0.19187371530279185,1.49,0.20221681582968035,0.617050525478789,-0.2619941427902714
-0.09426158694361793,0.7777424928253567,0.04174367287068241,0.2938048231406902,-0.15003210566869013,0.8042868487305868,0.06942687404253477,0.31309542078898045,-0.15539378469485712,0.6477791897169836,0.3852314238285071,0.1920454006361872,1.49,0.20211269344283495,0.6167528238955545,-0.2620755691110602
-0.09423798414553501,0.776947433956338,0.04319449473223583,0.2943534835930215,-0.1497821400082971,0.8049233164202314,0.06979640440118359,0.3126920090986877,-0.1553279541738249,0.6478623971056824,0.38432574712845113,0.19175244337747935,1.49,0.2022882748101949,0.6172430953291878,-0.26229056672799056
-0.09432246525040099,0.7778201476299156,0.04130289198458443,0.2945806730804491,-0.1496182515224052,0.8047344446828526,0.06960762538510193,0.3128569977606031,-0.1553575068251594,0.6478970264182353,0.385411791144844,0.1918853932878104,1.49,0.20229960304129696,0.6166557409740316,-0.26208393386499973
-0.09418389725591117,0.7776372176242453,0.041711508797439026,0.2944858132873582,-0.14988600355800746,0.8048199921540556,0.0690297789661669,0.31259801060862685,-0.15537198607004726,0.6478449054154197,0.38394054001842043,0.19198203103615247,1.49,0.20232301529021646,0.6170475032807294,-0.2615144247266331
-0.09429428422832305,0.7771140576219794,0.0416997818596316,0.2946574864010772,-0.1496460805780794,0.8049973040641654,0.06960893709327554,0.31250161993408987,-0.15526112619257645,0.6477568833393135,0.3843955551270594,0.19199508007562927,1.49,0.2021332247939428,0.6170531437337697,-0.26191342728944644
-0.09427009960735333,0.7771974091393897,0.040670644184671284,0.2958725961756843,-0.14967545598452522,0.8051073120727626,0.06909747183290109,0.3122979403275889,-0.15514613319033238,0.6478403215256219,0.38363634138055636,0.191878719545594,1.49,0.20227915635679755,0.6164997836662315,-0.26196261759957173
-0.09421685658100398,0.7778257077292496,0.04158662096823072,0.29413132435066,-0.1498882113570535,0.8051743278013763,0.0694062605240002,0.31238924342008306,-0.15520652373136493,0.6479042769837974,0.3847597014549036,0.19178546222655607,1.49,0.20218953519628324,0.616764494423106,-0.26191532135107737
-0.09443748573404617,0.7766248042116621,0.0421535222836795,0.2941358906877812,-0.1497305007887667,0.8047363188785785,0.06923918763249504,0.31234590969646664,-0.15533216447331125,0.6478295933662548,0.3849795592043157,0.19180613271215707,1.49,0.2020448258305319,0.616847098814811,-0.2618108625132429
-0.09413744515715228,0.7773838167982283,0.04030079929725579,0.29411182460318464,-0.15024833316205669,0.8050544175455814,0.06900825842216537,0.31267652577331795,-0.1553758237433686,0.6477282042823225,0.38413131283713514,0.19185476307316765,1.49,0.2021812255727379,0.6168925765001892,-0.26159964967187477
-0.09422826007839985,0.7773530796782891,0.04185139070938155,0.29375654313589117,-0.14966347099894628,0.8048770384226385,0.06881075962605036,0.31262424332811695,-0.15518306640761925,0.6477432907106626,0.3844859842620437,0.19197541824345,1.49,0.20222234708215064,0.6166971494889687,-0.26215843015233564
-0.09425786816792806,0.7771854145953137,0.043029435938069474,0.2944662329736127,-0.14985043586196167,0.8048812585249457,0.06882502129883164,0.312818288815098,-0.15523736063483123,0.6476775056310591,0.3836823814181028,0.19193760319743616,1.49,0.20223832707344655,0.6166559561640284,-0.26193141294336697
-0.09434974083668689,0.7775252405055472,0.04130161332858344,0.29447128887293633,-0.1497070326028796,0.8048578658968705,0.06954313767766995,0.3121241721064567,-0.15532666753125682,0.6477935381943225,0.3841670238893646,0.1915110683857208,1.49,0.20245762308608872,0.6169481553569792,-0.2615780992486676
-0.09442046622891531,0.777611457321278,0.04180253229281145,0.29442042782730404,-0.14990557182161604,0.8056213704773841,0.06968634524694772,0.312029517552897,-0.15534853313007402,0.6476047207428473,0.3839528888990386,0.1926683196043503,1.49,0.2021755045532476,0.6169495247571202,-0.26194584766281986
-0.0942813106568094,0.7768562941336895,0.04181623572754898,0.29474002648055253,-0.14985193658385293,0.8053237588340727,0.06928424579933394,0.31251919970888686,-0.15522923445353345,0.6477925465759342,0.38419735598405336,0.19176262208890638,1.49,0.20223758669804218,0.6165324449321956,-0.2619842029956905
-0.09431514853616396,0.777316195507238,0.04092502512701849,0.2962159385947004,-0.1497418563317414,0.8049519255828763,0.06941146903427092,0.3130537846373086,-0.15549649710212485,0.6476914508116735,0.3854134372919935,0.1919770828376814,1.49,0.20205989837607563,0.6170975070731898,-0.2621307321597637
-0.09408323205166477,0.7781075867527288,0.04168390219779178,0.294308311695769,-0.14984600785127622,0.8050203754772989,0.06904339914457458,0.3126998648914424,-0.1552316349969423,0.648059676504828,0.3851997678742423,0.1916850456445292,1.49,0.20215188949828247,0.6168935551581869,-0.26202151467146806
-0.09420998053180066,0.7768780313046963,0.04195464081091814,0.29380563464599463,-0.14977473928578963,0.8045872160179773,0.06902997487526905,0.3129130003881533,-0.15516429907288215,0.6476865961734852,0.38467348736923956,0.19172248140430764,1.49,0.20226028180004907,0.6167254322811624,-0.2622164335609313
-0.09427400634334188,0.7777163576650123,0.04061393089833282,0.2935839074940015,-0.14980681993194442,0.8046812252532631,0.06927163129199865,0.31289301152811594,-0.1550875040581413,0.6477537322723105,0.3846815181722505,0.19205671503406269,1.49,0.20226344668826815,0.6167998738928252,-0.2622601186753049
-0.09419776570728522,0.7774729784866985,0.041884762799179964,0.2944521079539715,-0.14973866056786128,0.8049800716080188,0.06888096897354055,0.3135766264670351,-0.15549070472713747,0.6479344763491418,0.3851206252968027,0.1919774805665682,1.49,0.20221635169732213,0.6166800973384549,-0.26179066456082994
-0.09434862147579348,0.7771848206400235,0.042741290215908584,0.2946102012312555,-0.14986816260302976,0.8049471205648066,0.06860156967355667,0.31262147054553235,-0.15569130427510558,0.6478727486755139,0.3854886924608658,0.19170130634740395,1.49,0.20213441389520406,0.6169094665952776,-0.26207586556549045
-0.0943274492685691,0.7774811088034488,0.04203259087773281,0.29415078655564897,-0.15011590630013547,0.8048303257165801,0.06878482402662665,0.3124855211494713,-0.15534428548119728,0.647835307239701,0.385146701579501,0.19186083038012602,1.49,0.20238371288529594,0.6170599827030189,-0.26202231211914995
-0.09417027740989661,0.7779309428227551,0.04149139100065585,0.29454472492380485,-0.14971161474244593,0.8053044579030966,0.06948488896232353,0.3124923243231687,-0.15527819909434737,0.6477871579759362,0.385091945214598,0.19200113261637974,1.49,0.20207161523533967,0.6170132900164251,-0.2617379036539066
-0.09437516317299956,0.7767864069746037,0.041699687962347916,0.2945913036974306,-0.14961248366594135,0.8050750602133763,0.06875165529250224,0.31152204348613305,-0.155134719958276,0.6476889577223337,0.38425527220897754,0.1921460728565452,1.49,0.20222953961427403,0.6168534625296153,-0.26214474806989796
-0.09422402725739595,0.7771983826306003,0.04113845505559427,0.29618195208428294,-0.1498234416065394,0.8053361472382277,0.06958822646202766,0.31235271479102394,-0.15565920170543926,0.6478005801458672,0.38497609050863585,0.19179798349649252,1.49,0.20215151104117468,0.6171244924242402,-0.26194431342582214
-0.0944113097698589,0.7781522587483436,0.0417438543083181,0.29440971566537844,-0.15007640084065305,0.8049170787169061,0.06897180299349331,0.31254629504165865,-0.15532707270240978,0.6475902708798318,0.38502896927145813,0.19206933503171683,1.49,0.2022004474906104,0.6174302707518624,-0.2619658200214585
-0.094285301246813,0.776874440249514,0.042524502657017724,0.29420181493659275,-0.1497892002829526,0.8050731177623837,0.06910117044042871,0.3128723185548086,-0.15531204213880934,0.6478372551018309,0.38479277495884023,0.19179552629625335,1.49,0.20229884217097815,0.616552967737129,-0.2622204877477152
-0.09417883443201482,0.7775533386307911,0.040272485556601685,0.29313407707669603,-0.1497358674811709,0.8049672554901703,0.06925140388567949,0.3120857972139732,-0.15547695848511622,0.6477888317357289,0.3849989020404664,0.19189161714808167,1.49,0.20219041418821038,0.6167739947758872,-0.2619535487866604
-0.09417919545364525,0.7786465729229791,0.04267098611985071,0.29434605597711394,-0.1496954840780567,0.8056587503304029,0.06943398433483819,0.3123877714237384,-0.15536549965143132,0.6479664344120382,0.3839650947342891,0.19231530168822683,1.49,0.20243158553648216,0.6169990844805072,-0.2618031557919228
-0.09418669730301968,0.7770304353931736,0.04234706490573746,0.2960851394611287,-0.14984550374501376,0.8045949768123623,0.06884670212043265,0.3124825596093339,-0.15507632766269352,0.6477527256141468,0.38509116089707573,0.19173153932062026,1.49,0.20214136872629335,0.6169089750213783,-0.2623317949520911
-0.09429410464398924,0.7772698752523739,0.04291036222473717,0.2939734602424433,-0.14982889878190866,0.8048801802748204,0.06875081391579879,0.3128374033214156,-0.15537508601478617,0.6477085119359914,0.38419098014277053,0.1920604362632101,1.49,0.20231529977376062,0.6169847607147141,-0.26166576302768835
-0.09410171203081834,0.7778061215890875,0.04152126808125563,0.294341697164694,-0.15009870902928285,0.8050346702047524,0.06903557260179519,0.3130237502838501,-0.15550569594110247,0.6478973697406883,0.385498003665032,0.1920781968464744,1.49,0.2024277281474958,0.6169348654483084,-0.2618644396170757
-0.0939457889435413,0.7771824250495002,0.041774698402064075,0.29453335528578045,-0.14997737365014427,0.8047330942400805,0.06937056576344545,0.31331446332325275,-0.15546649189683912,0.6478685787733355,0.3848828951373513,0.1917884882022412,1.49,0.202015276035068,0.617239104676081,-0.2618839432309433
-0.09443078588606123,0.7773182134168517,0.0415955310333884,0.29619214836437147,-0.14991715567710653,0.8050464453246874,0.069508907373635,0.3129315135702565,-0.15546339983636467,0.6476689005498875,0.38456160815986307,0.19168183698322,1.49,0.20211531713602496,0.6172344010428252,-0.261663544375645
-0.09434564881059962,0.7779094177596364,0.042580601628840226,0.2942629943671339,-0.15015681800956432,0.8050322159198335,0.07025765132533715,0.3129209915115422,-0.15507551839676673,0.6478422793770724,0.38383106446164533,0.19190225414793635,1.49,0.20226083295417951,0.616950892849595,-0.262164915425317
-0.094319841977934,0.7774078743474238,0.042886014921892965,0.29420439815273774,-0.14972576124129852,0.805302792811798,0.06945359118749508,0.31270302924545307,-0.1553295547730949,0.6479369770070504,0.38449687445211633,0.19190583718713594,1.49,0.20218968146084532,0.6169810979335777,-0.26175582204623926
-0.09445413476943249,0.7776518488372153,0.04101648157622128,0.2919019030389419,-0.14997430537735545,0.8050401784333605,0.06984733932636507,0.312571582030406,-0.15538415874741396,0.6479056410961384,0.3848865483424811,0.19200835944449285,1.49,0.20198901693720525,0.6170099757291396,-0.2620187023847449
-0.0943055875458737,0.7777169001688886,0.041956592506285,0.29450575415615615,-0.14975384386179355,0.8053556478237525,0.06962915656996567,0.31312770332202183,-0.15515964673084648,0.6479237170525781,0.38426031347635964,0.19196160452033512,1.49,0.20221454826288957,0.6169636948628211,-0.2616954724901184
-0.0941982271018751,0.7772142030481934,0.042647559946137156,0.297256455036481,-0.15003499775541804,0.8048842863904598,0.06961526065744142,0.31289214186044356,-0.15538440092400607,0.6478580368619752,0.3839080949282836,0.19189786560165897,1.49,0.20207899643737642,0.6172320740926103,-0.26191214836593335
-0.09424598827168612,0.7774151123577596,0.042810026606912174,0.29266637667829726,-0.15007001181636737,0.8051009178394701,0.06983247955715924,0.31250838075752657,-0.1555043434645598,0.6478934207485741,0.3853124029871741,0.1921479775884928,1.49,0.20210789519632513,0.6170808345141156,-0.2620973120526145
-0.09420583608496982,0.7783020333345462,0.04180836816691573,0.2944778702679001,-0.14985180847530258,0.8051651265954514,0.06954900965703337,0.3130556180198345,-0.15565090219036867,0.6479295374189051,0.3842537306487057,0.1917419770275519,1.49,0.20221567532088752,0.6171093265655891,-0.26165260604787866
-0.09426960634164888,0.7783553342743064,0.04002649187726038,0.29425883497510147,-0.14972508736656376,0.8052122734368445,0.06943042579017676,0.3132648727743163,-0.15506570835146932,0.6477002787349722,0.38487993917989954,0.1919254855151366,1.49,0.20224632755547312,0.6166155337942509,-0.26177564442687296
-0.09461158318319428,0.7772629476719966,0.041623176258795046,0.294828531216211,-0.14988686344940613,0.8054195537175971,0.06905029024256057,0.3127871331695467,-0.1552616478480999,0.6477758359461819,0.38403153977091126,0.19146835077460178,1.49,0.20211030750607578,0.6164937949826388,-0.26220309642864525
-0.09427833147859449,0.7777674328427453,0.04189542891679062,0.29431137419096576,-0.14964869245624976,0.805133714271561,0.06874938973126274,0.3126610225739833,-0.15538575260332393,0.6478584658166705,0.38583792576684506,0.1921348005904624,1.49,0.20217980705125807,0.6170207195560923,-0.2615008817102012
-0.09430306835322577,0.7770581048088863,0.04285643225184256,0.29407747669461176,-0.1496859863273897,0.8054004163919382,0.06926059798092957,0.3128387333923774,-0.15537821918212852,0.6478314632282374,0.38411156178804423,0.19210985004395248,1.49,0.20230049883911372,0.6169041627559584,-0.26192944788691974
-0.0943442535990508,0.778725977998552,0.041964782554684554,0.2940793298152034,-0.15013314869439726,0.8054852624892609,0.06919962637612725,0.31296118881216384,-0.155582852962727,0.6477307531334555,0.3839189254788113,0.19192823644899826,1.49,0.20215515989944977,0.616743414885554,-0.26183283301031895
-0.09434149123134394,0.7777758854799847,0.04194184394618597,0.29469276924630977,-0.14997657289439933,0.8051353505318445,0.06934870896971741,0.3125436650962031,-0.15529967134372366,0.6479298667521443,0.38442003600574837,0.1916413878871576,1.49,0.20197582225171937,0.6171271138167165,-0.2616331941363526
-0.0940577870742497,0.7772175971960892,0.04324623417465016,0.29584889239799655,-0.15005186139411933,0.8054945180605891,0.06930374030914759,0.3124512325213509,-0.15514252592342054,0.6478969180580906,0.3843311582913066,0.1919075135173417,1.49,0.20230235083594228,0.6166783113739245,-0.261523560795319
-0.09438418724354403,0.7771939791948316,0.04171297071088901,0.292479281416556,-0.15026013698571072,0.8048408095995738,0.06936392714214687,0.3126117151968534,-0.15542661060163038,0.6475526985823599,0.3844328750398037,0.1921981553481949,1.49,0.2021887756960987,0.6170814651467501,-0.2617347827423352
-0.09438717164877375,0.7779034682041599,0.04161257188664963,0.29462227214082953,-0.150057754295493,0.8050178754463432,0.06932819773404289,0.31244501236546307,-0.1555513241662496,0.6478277072092231,0.38478969299661847,0.19177540157054074,1.49,0.20225973788431556,0.6169093056558846,-0.2619464850351336
-0.09438563261375096,0.7778329630307879,0.0413918851016057,0.2943680805319085,-0.14962466941718525,0.8057423480873996,0.06939792822172587,0.31274034269912887,-0.1553992488186399,0.6477727711000422,0.38449591681067175,0.19175006543597592,1.49,0.20215676818511014,0.6166769711133114,-0.26212377000518366
-0.09424612661363839,0.7772313859917531,0.04147814797077649,0.2955025902842601,-0.15015401398136388,0.8052565853669538,0.0693784229867742,0.31274842117353713,-0.15507126723908224,0.6477923894306888,0.3848585736611241,0.19170905839379787,1.49,0.20217928414857117,0.6167408806650654,-0.2621612154657954
-0.0941829614373538,0.777645520420403,0.04176458710754904,0.29422852602558736,-0.1500520956726527,0.8050260641579451,0.06923015892593373,0.3123464173495561,-0.15544945540431654,0.6481476467337962,0.3847620282906414,0.19192628149424648,1.49,0.20203066636990882,0.6169705276405123,-0.26180764623950004
-0.0944210178986398,0.7769919693002675,0.042378678015821916,0.2935479719434787,-0.15000987402795918,0.8052393575384689,0.06927942453590527,0.31191551002625706,-0.1552335268845076,0.6479357571189621,0.38484564644706615,0.1918028972943039,1.49,0.20207958134535095,0.6170770147065554,-0.2621442076213164
-0.09423217244303256,0.7774273639734217,0.04145244712474287,0.29408658672704596,-0.1498570598271192,0.8048324652868823,0.069517196256314,0.3122913552803593,-0.15515896459606693,0.6477947802622572,0.3845206967804793,0.19186984626728137,1.49,0.20230564482295127,0.6169810505374299,-0.26192346966564306
-0.09408627956277801,0.7780446540497641,0.04198409374620128,0.2946589034369098,-0.1497368125649953,0.8048707683961279,0.06937907670162757,0.3127781208207851,-0.15538739476267588,0.647872713114967,0.3842371082828463,0.19193220470681244,1.49,0.20233629429105737,0.6169686641379908,-0.261918144556874
-0.09412948317993673,0.7772670946234361,0.042918484997074055,0.2947488980278082,-0.14993368833930268,0.8053454354754693,0.06926511226870097,0.312755252100781,-0.1552620783625636,0.6477889569958353,0.3845239780136316,0.19177862359531686,1.49,0.20220768509918108,0.6172254128011585,-0.261719505090943
-0.09427866040391578,0.7772862852485756,0.04158535957019846,0.29216889939937973,-0.15002601568198637,0.8054246822365128,0.06909238158801602,0.31235809291511013,-0.1552684373975212,0.647795482022741,0.38579050122517966,0.19179326843813427,1.49,0.2024695349301046,0.617008156699127,-0.262080792980992
-0.09434729879429804,0.7776060245288394,0.04024314744431613,0.29410221791442914,-0.1496620921866034,0.8048728022042356,0.06952805390540033,0.312620220302278,-0.15528984826419678,0.6476642330424514,0.38493863137615064,0.1920090654083803,1.49,0.202185814434015,0.6171009679218356,-0.261748839239005
-0.0944046218598006,0.7783723373573944,0.041930032780241384,0.2940917417698733,-0.1496467428369651,0.8051170472537468,0.06948727142684694,0.312736145110036,-0.15527509424706049,0.6478776928432978,0.3848746987393874,0.19197223952866171,1.49,0.20231430058323774,0.6170921481904081,-0.2619013846226872
-0.09447577728599536,0.7769895440325121,0.04193567473066086,0.29479938489565644,-0.149986084301946,0.8050400416986866,0.06944699598971982,0.31208511560422886,-0.15515202330411204,0.6478901151092783,0.3844635142481314,0.19206007500355812,1.49,0.20208184424501793,0.6173393192219978,-0.2620329842069748
-0.09431500011200854,0.7775723216109491,0.04177507915656635,0.2937892370317619,-0.14951060972074806,0.805187880578158,0.06948639469702347,0.3124240620958091,-0.15546805843020065,0.6479068950017591,0.38483487414135015,0.19193842359147795,1.49,0.2020351749253509,0.617182021841423,-0.2616241086703608
-0.09418081371976754,0.7770835781497816,0.041540087419478136,0.29168066104152485,-0.14985384769714713,0.8059083756513954,0.06892307842134876,0.3123593480721231,-0.1551543135314235,0.648104740410507,0.38512024655735777,0.1918931427643164,1.49,0.20215922604373815,0.6170479259852513,-0.2621232474933637
-0.09433490771266434,0.7775751898900334,0.04161673362199615,0.29435240449433675,-0.14991395495635254,0.8061965743737014,0.0694944757323115,0.31266139651584934,-0.15534776446063142,0.6478933621465511,0.38448494502742625,0.19174327081138873,1.49,0.2022046311501124,0.6173984826948238,-0.26135679878093726
-0.09446350198739935,0.7775139163022232,0.04187806628771693,0.2949089738396822,-0.1496596416379663,0.8054350264005612,0.06934297937883233,0.313042297891864,-0.15531051102759627,0.647733124775451,0.3848995333161961,0.1916121065114028,1.49,0.20232861962779441,0.6175760473676685,-0.26178010103611205
-0.09430474326011172,0.7770528203347596,0.043441418200027726,0.29595555959874187,-0.1498415126394339,0.8048678861036912,0.06942385666978533,0.31248424391352264,-0.15537964339320234,0.6478644225941568,0.38502985144236707,0.19205138293735402,1.49,0.2021379062240915,0.6174537386530976,-0.26188150374954994
-0.09447919150009725,0.7774745176265536,0.04162700516924418,0.29356716653880155,-0.14980903452271618,0.8050677742937548,0.06958531607716954,0.3126367556293879,-0.15508478842661735,0.6480353615879538,0.3836700141983793,0.19206594153959294,1.49,0.20250194560941082,0.6174708786122449,-0.2620110442868846
-0.094163665614134,0.7777559835655604,0.04037290438928517,0.29378943651388023,-0.14998790920671307,0.8051294361133527,0.06982031030238575,0.31257401063279444,-0.1553574859253725,0.6479085280635616,0.3844570566781737,0.19192393678312902,1.49,0.20228048175809807,0.6172839032154951,-0.2620327325047791
-0.09449531138570094,0.7780457382987604,0.041647244724954735,0.2945641791886176,-0.15004644900890568,0.8055981169161323,0.06958754576534416,0.31196837582052295,-0.15517613672251632,0.6478335916410531,0.38463646632544746,0.19192254256660296,1.49,0.20237136048272616,0.6175500062146212,-0.26199213343389055
-0.09410666854060162,0.7768602334034544,0.04148528334876892,0.2949208009867117,-0.15020270652493864,0.8049539675301698,0.06902397374735104,0.3126156320477929,-0.15524483993820803,0.6479698033401481,0.3840628392115242,0.19180034807188978,1.49,0.20219005250029387,0.6171632933808363,-0.26239133872440273
-0.09434171436689276,0.7776142706405191,0.04178665156267456,0.29437671705108504,-0.14999382646275802,0.8051548796391337,0.06879597425029389,0.31267605711150515,-0.15508451704293708,0.6481048106288141,0.3857443594649384,0.19245410869733562,1.49,0.2021756208593763,0.6173758171673512,-0.2618164140850452
-0.09411740256022735,0.7771910099196874,0.041714403810236625,0.2939236883688464,-0.14999602012332333,0.805234587366489,0.0694681716508738,0.3128299070094422,-0.15527903772590257,0.64780359321211,0.3840143359181822,0.19171554021120796,1.49,0.2023139422412828,0.6174275369865976,-0.2619882554741326
-0.09455012808716767,0.7776822483243462,0.04163038211101163,0.2942401936595733,-0.14988239260889746,0.8052159674983049,0.0696768425488404,0.3128217526360535,-0.1553637429464414,0.6478552818307243,0.3845983626383913,0.19218148321974587,1.49,0.20231059237898835,0.6174798740751481,-0.26172810122192014
-0.09433537779470519,0.7777683876886443,0.041948399892040064,0.2969498659716921,-0.14980758215854637,0.8050637173403732,0.06883218040876754,0.31288654079416167,-0.15551120270498375,0.647866616368881,0.3851490953023664,0.19166386764083654,1.49,0.20219474313814878,0.6173433992960304,-0.26219510066420126
-0.09425950597398292,0.777191037382859,0.04193922380814829,0.2949087760318117,-0.14994303157433933,0.8051451846637523,0.06925479701749514,0.3136792422319235,-0.15548682974562447,0.6479755570059641,0.3845984755826549,0.19195263192067358,1.49,0.20219084703074358,0.6170402427150476,-0.26198351811827975
-0.09406647898207443,0.7774012362294698,0.04139127515835189,0.29300753666609386,-0.14999964572232877,0.8049942849817493,0.06910461061428179,0.3129102131320238,-0.15522749057805577,0.6477865920813293,0.38544751185031767,0.19172992537442657,1.49,0.20211754161389026,0.6174393668657298,-0.2615647553414443
-0.09424812472447519,0.7773470496267731,0.04072481119863404,0.29422367949633904,-0.15000699743320486,0.804851166920111,0.06842797140212414,0.3127763496260524,-0.1551507315010493,0.6478980751046467,0.384263377130027,0.1919870318419259,1.49,0.2021739137623162,0.6170108250394395,-0.26184634255863576
-0.09433887714947911,0.7775960881559886,0.04143784751126259,0.29453937559415977,-0.149604759129207,0.8053227741345952,0.06943981592643302,0.31255234012878197,-0.15513916344304035,0.647886408649088,0.38460948141857854,0.19181270254325933,1.49,0.20220818358094161,0.6173495064760148,-0.26153163388531386
