force_x_index,force_x_middle,force_x_ring,force_x_thumb,force_y_index,force_y_middle,force_y_ring,force_y_thumb,force_z_index,force_z_middle,force_z_ring,force_z_thumb,index_orientation_w,index_orientation_x,index_orientation_y,index_orientation_z,index_position_x,index_position_y,index_position_z,label,middle_orientation_w,middle_orientation_x,middle_orientation_y,middle_orientation_z,middle_position_x,middle_position_y,middle_position_z,ring_orientation_w,ring_orientation_x,ring_orientation_y,ring_orientation_z,ring_position_x,ring_position_y,ring_position_z,stiffness_index,stiffness_middle,stiffness_ring,stiffness_thumb,thumb_orientation_w,thumb_orientation_x,thumb_orientation_y,thumb_orientation_z,thumb_position_x,thumb_position_y,thumb_position_z,torque_norm_index,torque_norm_middle,torque_norm_ring,torque_norm_thumb
317.0,7.0,20.0,241.0,5.0,25.0,5.0,33.0,362.0,185.0,188.0,212.0,0.12577492897465037,0.9700088811071477,0.009579041601776334,-0.207777957870108,0.10948220922517005,0.31547352485667396,1.044475045005255,brick,0.10875984958424587,0.9809784843549245,-0.024827724692100317,-0.15885871848199024,0.11421966947561776,0.3645071126765145,1.0368503360744465,0.08934085107314046,0.9720266024023618,-0.0700384041067782,-0.20561400366177085,0.1104739493052612,0.4140380494082867,1.032028132737072,2736.0575202242794,2344.935092584761,2616.912670101948,1440.0957104783695,0.0293467415942838,0.1299942395980077,-0.9843552943109115,0.1152602316118295,0.21493392754065013,0.3446798150901343,1.0332433628843596,481.2,186.8,189.1,322.7
329.0,23.0,15.0,208.0,30.0,17.0,3.0,28.0,338.0,100.0,182.0,237.0,0.12641279362351932,0.9697483706414421,0.009177451560003463,-0.20862329119594664,0.10917275934228943,0.31534031202666557,1.0445849199702786,brick,0.10341665291034871,0.9798866344887587,-0.024559522349521662,-0.16889052463971294,0.11364244316661917,0.36582145156355306,1.0365658201550907,0.08990574714041885,0.9715467472428092,-0.07051438005652846,-0.2074646879791433,0.11028414023436622,0.4139286903016981,1.03208555896508,2814.1655723106614,792.4626236018285,2824.3148023311237,2027.7318295348553,0.024201035049862984,0.13056076713555326,-0.9844947929819569,0.11462198122046474,0.21444957919270136,0.34453882622049137,1.0332901317035221,472.6,104.0,182.6,316.6
224.0,3.0,96.0,268.0,-13.0,28.0,1.0,42.0,315.0,67.0,155.0,272.0,0.12830515233166373,0.9687173641484621,0.008079152278367363,-0.2122714855576861,0.10860299950378027,0.31489477969448315,1.0448137782913973,brick,0.10405882594967206,0.976050998964432,-0.02704062631698706,-0.18911639984648448,0.11115190310167272,0.36566720827554144,1.0370173340899207,0.0954706328806923,0.9703418377567872,-0.07261043657134347,-0.20988044372227743,0.10803828455078576,0.4128229536762336,1.0328020672781537,1774.019744760324,1255.2669962571767,2060.0317868462744,1601.2418973336369,0.03540861102105264,0.1286923274349001,-0.9842382027512634,0.11601584103005286,0.21403665253581045,0.3445359733733067,1.0334064122926747,386.7,72.7,182.3,384.2
232.0,1.0,81.0,189.0,-11.0,22.0,3.0,32.0,382.0,41.0,167.0,255.0,0.1270974073594376,0.9701406486751065,0.00923448170555044,-0.20636883286577645,0.10780531411767363,0.315175220667694,1.0449834379021208,brick,0.1081610316416973,0.9757241576708391,-0.028230415638651807,-0.18832578953665435,0.11024022550010457,0.3647122445821602,1.0375002626034746,0.09665187351110696,0.9714113882134838,-0.07233658375375043,-0.2044156276970563,0.10802078095913761,0.41263564320722423,1.032874753083393,3483.561246001784,5448.212474688866,21047.838082641185,2418.2713032481724,0.03710334639155399,0.12857976816906203,-0.9841610328298185,0.11626541344476946,0.2129811344660206,0.34426861956097554,1.0336346659731739,447.1,46.5,185.6,319.0
331.0,19.0,8.0,222.0,42.0,18.0,10.0,27.0,357.0,143.0,184.0,220.0,0.1253745804052817,0.9705753434991167,0.009987476536785694,-0.20534110034817254,0.10976767156654235,0.3155589463273969,1.044351749004145,brick,0.1044417575584908,0.9812770093059648,-0.023806736121269323,-0.16006432957060385,0.11417389914127885,0.3655665804572391,1.0365670567148473,0.09073160178180045,0.9718276561598835,-0.07054065343030635,-0.20577366054604923,0.11039291517168162,0.4136867470617763,1.0320627152873425,3328.4031034480495,1559.5864840245338,2414.9785983822258,1573.031310049227,0.0271315321744533,0.12988419886329117,-0.9844662497877998,0.11497903233308218,0.21511696737282002,0.3447001982852365,1.0331612841605908,488.6,145.4,184.4,313.7
307.0,11.0,34.0,248.0,-12.0,30.0,4.0,30.0,363.0,145.0,196.0,233.0,0.1260848504235892,0.9695220657147415,0.009230146049565402,-0.20986752723988533,0.10885044798074328,0.3153963276487397,1.044636777393248,brick,0.1085705570438853,0.9789474585702075,-0.026171645689359035,-0.17084891707008937,0.11322093843712333,0.36451895970039694,1.0369692571839568,0.09082564235158694,0.9716415376781127,-0.07061260357860624,-0.2065848134926297,0.10973429085511868,0.41374845410993955,1.0322345314718002,2737.5837147088296,1779.2685548799802,2498.6648840618855,1367.5518951494696,0.029208732178849395,0.12984014423465223,-0.9843841925460268,0.11522216963386711,0.21402127028989698,0.3444813160612219,1.033377758457796,475.6,148.5,199.0,341.6
273.0,2.0,50.0,198.0,-17.0,24.0,-1.0,29.0,395.0,60.0,173.0,250.0,0.12818383380245837,0.9701492190292371,0.009031824700358515,-0.20566434720497256,0.10903381754081323,0.31486021374750894,1.0447281723092374,brick,0.10542139601452974,0.9770914578165177,-0.02668587261756719,-0.18293845010543452,0.11176447666132003,0.36528891165895644,1.0370356965396659,0.09233695830363328,0.9712456952534019,-0.07124609397772583,-0.20755644937193718,0.1088741029109509,0.4134685518102643,1.0324702972157547,3210.382838126727,1653.1910135767964,577.8960939121364,1981.676792415573,0.02957544962561076,0.12928563334081944,-0.9844426486733673,0.11525271911790563,0.21358936988137223,0.34437699040424363,1.0334503888372533,480.5,64.7,180.1,320.2
320.0,4.0,85.0,227.0,-22.0,29.0,1.0,38.0,360.0,90.0,153.0,269.0,0.12846711931237473,0.9677217800275426,0.007501110547582512,-0.21668984530073881,0.1082454193083241,0.3148433639429529,1.0449555886468902,brick,0.10535358885975521,0.9774946659700345,-0.026429495443564016,-0.18084877960632872,0.11153133805031706,0.365375132439256,1.0371184014035382,0.0963557421563696,0.9710115158482542,-0.0724213525352222,-0.20641549055373892,0.1081962235024635,0.4126202792363374,1.0328479901716892,2471.784932161388,1385.362693511652,5526.2816877729265,1857.8886283283332,0.031937941413197224,0.12901740189399008,-0.9843712746327733,0.11553212360491358,0.21364639687065212,0.3444431224039297,1.0334769754615643,482.2,94.6,175.0,354.0
317.0,1.0,55.0,193.0,2.0,24.0,8.0,29.0,347.0,75.0,137.0,255.0,0.12761015645044566,0.9679212160855889,0.007838568023663062,-0.2162931443051901,0.10742702291094575,0.31503955455714794,1.04507140994397,brick,0.10569516519556271,0.978115533190316,-0.026131505618665563,-0.1773011003919842,0.11097385934590656,0.36532930947419806,1.0371635681485054,0.0966889974272302,0.972167937400219,-0.07186569047084895,-0.2009379551022381,0.1075324309406295,0.412698172760783,1.032794629262317,2870.159617731614,881.6807543446785,10029.994880024882,2288.6676325559797,0.036459557639693996,0.1287802277050245,-0.9841695369162426,0.11617519621256675,0.21275514514583294,0.34421166098908573,1.0336604120025923,470.0,78.8,147.8,321.1
292.0,5.0,54.0,159.0,-25.0,27.0,-4.0,32.0,420.0,82.0,139.0,228.0,0.12825989686539846,0.9695263665423257,0.008587760403581335,-0.20855280819630345,0.10797433323799988,0.31484723722106833,1.0450106539393456,brick,0.10737436786545387,0.9779516761286994,-0.02663435699749056,-0.17712107528437188,0.11128471354095917,0.36488046190260737,1.0372489191282408,0.09510519119640146,0.9691006611839331,-0.07317091536364678,-0.2155108541238801,0.10788368109926891,0.41278535419890805,1.032865022076231,3968.629397369123,1677.5588712462024,15401.437907117395,1927.3541950591773,0.0313373896169456,0.1288989451040033,-0.9844138574172019,0.11546595726904069,0.21386248381994336,0.3444481026734638,1.033420000854513,512.1,86.5,149.2,279.8
360.0,4.0,84.0,245.0,-16.0,22.0,4.0,40.0,428.0,78.0,158.0,261.0,0.12798051946261146,0.9694539247417422,0.008586024675592385,-0.20906064818894687,0.10825915084124996,0.3149429445288519,1.0449159801308627,brick,0.10533514927855897,0.9773271551984448,-0.026596362392475814,-0.18173819506550282,0.11130215330201157,0.3653852269732568,1.0371392331862386,0.0963497171203184,0.9715577829536661,-0.07218219143485832,-0.20391649671532963,0.10817563881325401,0.4126803609399415,1.0328232626160363,2882.8196172004523,4017.5419481418185,5475.87557797517,1623.9755807637082,0.0339427699650352,0.12874112558977924,-0.9843033820861969,0.11584672184680297,0.21400989127844483,0.34448142401843307,1.03341965093492,559.5,81.1,179.0,360.2
266.0,6.0,36.0,243.0,-16.0,33.0,6.0,28.0,419.0,128.0,200.0,222.0,0.12684001727649047,0.9705275992655367,0.00959841735266484,-0.2046842921806583,0.10939754770429844,0.31520628574980103,1.0445630395025238,brick,0.10644380884831722,0.9780471967549766,-0.026333116475066837,-0.17720034834702358,0.11315439594445853,0.36500990048601994,1.0368549174763326,0.08873943347436847,0.9717238167843043,-0.07005213172777391,-0.20729408018847845,0.11052595488069886,0.4141520465958368,1.0319813903981156,3260.6698369836618,2261.8954751728074,2866.5417141737994,1439.8745709008745,0.029605975834933962,0.1307791710540152,-0.9842271662143545,0.11540008621724568,0.21440671360851554,0.3445049284935624,1.0333323859656198,496.6,132.3,203.3,330.3
226.0,2.0,29.0,258.0,-1.0,35.0,4.0,31.0,474.0,97.0,143.0,195.0,0.1259723037552614,0.9719438439830628,0.010672069127376865,-0.19834880834166663,0.109640245349237,0.31542275096357525,1.0444722336621521,brick,0.10453890818879441,0.9777328134487726,-0.026114951285952953,-0.18007823716255678,0.11263406484061719,0.36548679448864024,1.0367589937106363,0.08944186956033992,0.9719092123177582,-0.07015638513508463,-0.20608424638046097,0.11025506075530875,0.4140468789432927,1.032068639130705,3116.3443182379237,526.4673289887951,827.3279120126263,1181.3790588748539,0.030037758512822976,0.12952806004960288,-0.9843892038090661,0.1153174321057488,0.21474189521270587,0.34466623328854007,1.0332701911939766,525.1,103.1,146.0,324.9
273.0,6.0,55.0,186.0,8.0,21.0,1.0,28.0,331.0,63.0,138.0,225.0,0.12646385350945885,0.9686499232287219,0.00860292529889256,-0.2136590968361296,0.10780388567287097,0.31528438646303203,1.0449150489449162,brick,0.10570878357856517,0.9772409856577869,-0.026650147783292916,-0.1819765881866825,0.11084828906658592,0.36527167282126255,1.037247003312745,0.09603547801770967,0.9705015433961109,-0.07260473743307502,-0.2088839231007278,0.10786415021789328,0.4126555963684816,1.0328844697661432,2968.9297213490245,2956.129461255202,1752.8405592462916,1535.8355650983942,0.03398887151826391,0.1286066536348226,-0.9843245144408371,0.11580300308963226,0.21324931604975209,0.34432479240329594,1.0335473669903688,429.1,66.7,148.6,293.3
379.0,2.0,57.0,253.0,13.0,28.0,1.0,29.0,370.0,128.0,177.0,240.0,0.12668751416857574,0.9695308824540066,0.008999078215385592,-0.20947352652069107,0.10901770851635592,0.31526120917402295,1.0446159275998967,brick,0.10749330155366338,0.9778831103379657,-0.02670802257788643,-0.17741616095163815,0.11304643924834937,0.3647732643723348,1.0369235391974305,0.09260990143755066,0.9707793198887016,-0.07161370365077657,-0.2094812537712516,0.10893213976927382,0.4133950971575254,1.032483040392811,2372.528667053815,2935.269330949956,679.1607833084869,1788.879076132915,0.029963488409148142,0.12944981238275938,-0.9844008365037575,0.11532531607208327,0.21417920536454835,0.34450917066009723,1.0333536648060027,529.8,131.0,186.0,349.9
337.0,14.0,50.0,178.0,20.0,27.0,2.0,27.0,365.0,76.0,127.0,222.0,0.12674282002986542,0.969907515026097,0.009280312524344386,-0.20767654096269433,0.10856339380833269,0.3152193174573377,1.0447524758511753,brick,0.10649135192259518,0.9771463900142177,-0.026877775100126317,-0.1819948066664176,0.11111226107211666,0.3650709540846511,1.0372446832503566,0.09194986789584186,0.9707785446234718,-0.07137173532094329,-0.20985784352734616,0.10799705524696215,0.4136540219880698,1.032663144566416,3460.0478963621918,2162.2618904798824,898.8797005749944,1953.1418503393681,0.03335929964264406,0.12914036729096212,-0.9842808419604774,0.11576332239911438,0.21355694912516648,0.344379593594211,1.0334927648512577,497.2,81.9,136.5,285.8
255.0,3.0,75.0,192.0,28.0,15.0,2.0,36.0,329.0,33.0,143.0,299.0,0.12422980389102176,0.9680891062990553,0.00886653046127811,-0.2174668313280757,0.1063146752950695,0.31585670200894433,1.0451525797702839,brick,0.10441215082835459,0.9755092225037839,-0.02740369152014624,-0.19164784700206994,0.10957387608528565,0.3656277395523344,1.0374235232278959,0.09250079241341155,0.9707251322078346,-0.07158413933766447,-0.2097904480624877,0.10636518468930137,0.4137882614120225,1.0330557215438054,4705.660764400915,2970.3171871914874,8491.663296776875,2957.251588492604,0.037990481676237975,0.12826571365245587,-0.9841590243008979,0.11634279045277682,0.2130826928352653,0.34429876506481694,1.0336103216254715,417.2,36.4,161.5,357.2
335.0,2.0,57.0,195.0,2.0,23.0,4.0,32.0,372.0,39.0,118.0,264.0,0.1262193950094968,0.9695412291439283,0.009143648652979647,-0.2097018431078455,0.10869895465134297,0.31537956494462116,1.0446905073546062,brick,0.10702484025170977,0.9749744033079217,-0.028370980872838347,-0.19278403436947572,0.11066202510222112,0.36491642558154946,1.0373670045673173,0.09149505418357393,0.9699856214339186,-0.0717181942118344,-0.21357211871026793,0.10788820562251666,0.4137605713857806,1.032694149389116,3403.8027771791985,11904.925455933424,7263.76900908036,2044.772007826423,0.03310715743831549,0.12865640553983154,-0.984361621593455,0.11568769759066225,0.2134893267944318,0.34438640468652926,1.0335226877518129,500.6,45.3,131.1,329.8
207.0,10.0,48.0,245.0,-10.0,31.0,6.0,33.0,328.0,99.0,187.0,241.0,0.12655430522390093,0.9679288357134215,0.008135142667376277,-0.21686769302396597,0.10851067711504372,0.3152876923928092,1.0447467497874139,brick,0.10769019588486603,0.9766460090884976,-0.027498509147564132,-0.1838728545393541,0.11273080418241313,0.36467089677970943,1.0369934069323028,0.09042399630418091,0.9710047149501719,-0.07088114146094923,-0.20964066452410768,0.11000302273113699,0.41376069990510117,1.0321613333763593,2661.448832394214,2802.450131145197,2869.324774520834,2664.0653865282893,0.02878265304497829,0.12963860918138215,-0.9844275382200521,0.11518598824169751,0.21388019680035897,0.3444256316734195,1.0334114013326707,388.0,104.2,193.2,345.2
365.0,23.0,55.0,192.0,18.0,30.0,-2.0,37.0,343.0,81.0,136.0,268.0,0.12702093014948787,0.9688727998665412,0.008554134189886486,-0.21231582082122075,0.10869650943679651,0.31510477452026986,1.0447298271165735,brick,0.10473402093359724,0.976695366426022,-0.026781165989209404,-0.1854176777151484,0.11124915628114809,0.3654212290510648,1.037097624147295,0.09594200495291855,0.9696385641076518,-0.07307874618204097,-0.21273383261090817,0.10796664435002068,0.41255539522367823,1.032872066569639,2600.0884637541717,1633.2612768378483,41738.43604489505,2106.4592018512353,0.03214363332402509,0.1289335895100524,-0.9843674619084426,0.11560110842338481,0.2141231627337539,0.3444456225013286,1.0333860659981022,501.2,89.4,146.7,331.7
323.0,3.0,42.0,184.0,25.0,23.0,5.0,31.0,314.0,101.0,135.0,243.0,0.12655872274384267,0.9683881904124059,0.008340432730942093,-0.2147967400802273,0.10837558193879518,0.3152878552305935,1.0447734729133025,brick,0.10625648468381862,0.9782885432967663,-0.026199652592369754,-0.1759962037118034,0.11163359431653477,0.3651578334755733,1.037112371103237,0.09420828868621761,0.9694135126789885,-0.07278990859824291,-0.21462494958522127,0.10811913123563552,0.41300487399126,1.0327502355329803,2939.103793527673,1730.8252496966547,27730.428176231493,2138.5991810476457,0.03171014224695207,0.12915414429192573,-0.9843551051975714,0.1155798458312523,0.21366755342513244,0.3443719930737461,1.0334636282171976,451.2,103.6,141.5,306.4
6.0,508.0,-4.0,-277.0,-3.0,205.0,-2.0,326.0,17.0,74.0,10.0,5.0,0.1178093271622917,0.989259112179388,0.04459641673701398,0.07415208033383239,0.1612670832123755,0.3188564629048426,1.0425467595748308,no_contact,0.11569817294723359,0.992156070526129,-0.00212208793708335,0.04728383695947502,0.15713403541054982,0.3628092682054787,1.0368003565955608,0.10985191843609282,0.9873745292663734,-0.03877040617499844,0.10733569106752125,0.16680489037286442,0.40776578851987133,1.0332876146542562,0.0,3596.674699771766,0.0,0.0,0.2694982682540452,0.07768907771434733,-0.9501576019543708,0.13614559140965055,0.17643803740303912,0.3407035052717019,1.0497452668055895,18.3,552.8,11.0,427.8
-9.0,107.0,-8.0,-68.0,21.0,68.0,-3.0,419.0,15.0,219.0,9.0,150.0,0.11838172504683261,0.9892273361110829,0.04451165633094703,0.07371402252069992,0.1611840393405956,0.3187099752120497,1.0425463284346035,no_contact,0.11963510140151928,0.9924952712792705,-0.005082599070837607,0.024794075655705572,0.15054755608494064,0.36168116859187865,1.0360629675820376,0.10912076776706964,0.9873979771472421,-0.03872841156695361,0.1078795759398446,0.16701497379625005,0.4079431857003809,1.0332627961336383,0.0,2209.635953283645,0.0,475.9388824429634,0.28717308421884474,0.06358939092533111,-0.9464651514394595,0.13301024837456119,0.16900457533713567,0.3417919475292599,1.0539959153372913,27.3,253.0,12.4,450.2
-2.0,95.0,-5.0,-31.0,13.0,30.0,-10.0,211.0,22.0,202.0,11.0,263.0,0.11893962492923962,0.9893715086387201,0.044168876096883775,0.07103867890081345,0.16079568615116246,0.3185521937106945,1.042507777469825,no_contact,0.10968731468666537,0.993803533582799,-0.005114808963763623,0.01723567127893294,0.14902133741906862,0.3641481157233803,1.035300416186868,0.10951830848889832,0.9872028823987734,-0.038572535801532803,0.10930859330868317,0.16699160357830298,0.4078636729034451,1.0333086200878523,0.0,2535.4007254705366,0.0,1011.4275077975701,0.301701768075038,0.07307662503796428,-0.9404170739265778,0.13875005254352163,0.16925687895435082,0.3401697261324508,1.0548007019263608,25.6,225.2,15.7,338.6
5.0,355.0,-7.0,-190.0,-1.0,143.0,-5.0,728.0,14.0,142.0,8.0,34.0,0.11989391216251744,0.9891733326923342,0.04435178705668208,0.07207278752473392,0.16101793277488105,0.31831668640219524,1.0426563285211672,no_contact,0.11326838461044231,0.9927465991755792,-0.0027094053186896006,0.04021345540837504,0.15535884702456484,0.3633539648566245,1.03639470796923,0.10988634195393426,0.9870414226747153,-0.03834405483465772,0.11047151322894377,0.16737036753323362,0.4077427491393374,1.0334745473013822,0.0,3399.4013086154555,0.0,997.4376313149357,0.2780778768106965,0.06336123372416227,-0.9493667575563526,0.13176041946026273,0.172378217889633,0.34218620737769495,1.051610768484037,14.9,408.2,11.7,753.2
-1.0,495.0,-8.0,-235.0,-5.0,208.0,-2.0,654.0,18.0,161.0,7.0,26.0,0.12055853128776295,0.9888961501399496,0.04457589925859562,0.07458574915767457,0.16152689803980289,0.31818149394106865,1.0427662723447937,no_contact,0.11485870185436883,0.9924977157209081,-0.0026802557031788965,0.041816015191232764,0.15689500194151848,0.36299834671381564,1.0367251206742276,0.11009228976335755,0.9871290754654711,-0.038510477060066745,0.10942037864105117,0.16716526050330358,0.4076988253263283,1.0334102874998206,0.0,12385.33738205512,0.0,0.0,0.25730700653846034,0.06795943797406084,-0.9549958861391583,0.13098655134688694,0.17392480914672823,0.34194496222877524,1.0503319123139372,18.7,560.5,10.8,695.4
2.0,135.0,-5.0,-74.0,12.0,69.0,-3.0,387.0,19.0,215.0,12.0,145.0,0.11796630408430506,0.9892661955391189,0.044571694854106864,0.07382214763930897,0.1611835037078556,0.31880458568756903,1.042536930609852,no_contact,0.1151715451702093,0.9929810522981499,-0.004484138815625399,0.026533704208953346,0.15110033450629706,0.36279786392159125,1.0358665681873744,0.10928851219525576,0.9875650128133364,-0.038890756511896746,0.10610784903613063,0.16679171896598718,0.4078808815951985,1.0332227007911483,0.0,3007.355905242902,0.0,599.5324784272414,0.29351836625066363,0.06198676775786888,-0.9446050659633571,0.13313856936603757,0.16976506526894794,0.3419720791933617,1.053611688015358,22.6,263.1,13.3,419.8
10.0,388.0,-7.0,-347.0,-12.0,345.0,1.0,182.0,19.0,69.0,9.0,-23.0,0.118602093646925,0.9889869786668288,0.044825930946742615,0.07634746442929005,0.16176375607299293,0.3186816341138413,1.0426710057297326,no_contact,0.10992709554218752,0.9922560519672721,-0.0006188436862843982,0.05782368055108217,0.16022587523056803,0.36433881435594806,1.0370596359011954,0.10775006211895538,0.9873489479352331,-0.038523044525721944,0.10976317308195518,0.1672984692739897,0.4082804291579166,1.033280996044044,0.0,5381.822009684076,0.0,0.0,0.25086933634686415,0.08637722673001877,-0.9544164824991291,0.13672135428419777,0.1780083342277158,0.3399735917392504,1.048686021858484,24.6,523.8,11.4,392.5
1.0,494.0,-8.0,-326.0,-15.0,298.0,-2.0,657.0,12.0,62.0,11.0,-5.0,0.11962455924640156,0.9893465031348676,0.044100105007531504,0.07027547437220472,0.16084806241690563,0.31837699025949295,1.0425702711217353,no_contact,0.11053330016314394,0.992584850533528,-0.0014259338977151148,0.050553642390017584,0.1593376045499094,0.3641528828797789,1.036954646630834,0.11068110993152908,0.9867745330933995,-0.03820201281567481,0.11209959393083815,0.1674935892505682,0.40756008884423245,1.0335409821265913,0.0,542.8373667885585,0.0,0.0,0.2492759927982238,0.07119856158345556,-0.9568589786397426,0.1311988538037397,0.17531255914251662,0.3417132515945317,1.0494501259251576,19.2,580.2,13.7,733.5
12.0,505.0,-4.0,-322.0,-28.0,301.0,2.0,918.0,25.0,-25.0,9.0,-312.0,0.11977935045369187,0.9889790411776243,0.044603920985494094,0.07472518684485757,0.16144198335993812,0.3183508712158388,1.0426897522305,no_contact,0.11733106706668411,0.9875628605633723,0.004579475180402026,0.10455642277715516,0.16701457003764517,0.3626848571732644,1.0389176269562046,0.10960856034729283,0.9870140835552657,-0.03835912516350143,0.11098531379801557,0.16743622471346156,0.4078067388182224,1.0334196698612264,0.0,0.0,0.0,0.0,0.1986129681759803,0.08800484181890422,-0.9673939577896119,0.13021891998057286,0.18561471578648908,0.34136698228885487,1.043718790455928,39.4,588.4,10.0,1021.6
-1.0,153.0,-10.0,-93.0,17.0,98.0,-1.0,577.0,15.0,206.0,11.0,55.0,0.12020240631248846,0.9890231241159815,0.0444603790246525,0.0735385353235688,0.16131424174287182,0.31826538456770637,1.042704035286112,no_contact,0.11414639222650802,0.993257764287329,-0.005203006921296521,0.019558720397433726,0.1523063989267996,0.3630892622921452,1.0360824391710914,0.11013799305815819,0.9868150724517553,-0.03819540207611771,0.11227976900315356,0.16766077477280691,0.40769711415614696,1.033543120764521,0.0,1724.510587689756,0.0,205.0061434198482,0.28354902921750275,0.06285661472554491,-0.9477113324226963,0.132258173330245,0.1695855469407958,0.34199268783493875,1.0534723843151719,22.7,274.7,14.9,587.0
3.0,528.0,-6.0,-335.0,-14.0,278.0,-2.0,798.0,20.0,64.0,12.0,-23.0,0.11740161397136764,0.9893707722803788,0.04449698521625975,0.07336453026434897,0.16139661690843546,0.3189638125614147,1.0425065716466544,no_contact,0.11104607963584845,0.9923291599248694,-0.0010850928354373401,0.05431785280963572,0.16003141127898027,0.3640448032867417,1.0370522630820933,0.10973083684382506,0.9867355635965555,-0.03812234466616099,0.11339646298053627,0.16805629287371102,0.4077848188820043,1.0335603021447013,0.0,10528.828653489296,0.0,0.0,0.25055197601931556,0.07082509005873916,-0.9565473180023694,0.1312430659252566,0.17746888293263344,0.3419290869982848,1.0483119254693825,24.6,600.1,13.6,865.8
2.0,528.0,-6.0,-279.0,-9.0,260.0,-3.0,862.0,13.0,86.0,12.0,9.0,0.11755274383050612,0.9892474010639126,0.04472213575541645,0.07463821058739248,0.16146516955133866,0.31891890232603937,1.0426085855947584,no_contact,0.11106846557588348,0.9928734594625201,-0.0022574615499169615,0.04313923176063486,0.1582140101090147,0.3639911072583653,1.036855141634034,0.11026878567046128,0.9868551215879737,-0.03821319554297317,0.11179228769795482,0.16759684797786475,0.40764373126562536,1.033557439682551,0.0,872.8533741867242,0.0,0.0,0.25320540151368737,0.06893183261610433,-0.956038940056865,0.13086241703187418,0.17443839776555028,0.3418971536601273,1.0499535624849596,15.9,594.8,13.7,906.1
9.0,400.0,-4.0,-388.0,-18.0,350.0,-4.0,758.0,14.0,73.0,8.0,-53.0,0.11977493186630378,0.988973027730069,0.04462706778531078,0.07479800090729463,0.16147683225418777,0.31837453332195337,1.0427349115618054,no_contact,0.11016742319471237,0.9920364540374318,-0.0002472493353093408,0.061047126019509096,0.1609442093016458,0.36428867780024965,1.03720827218524,0.10987631926315988,0.9869165748643938,-0.03827208096206264,0.1116159331903194,0.16758962470410557,0.40775434220150847,1.0335229039202,0.0,906.16824992752,0.0,0.0,0.23283313237778208,0.0745750303097604,-0.9608589369949082,0.13029735422664593,0.1783376532127597,0.3417790403049275,1.0475347684492222,24.5,536.5,9.8,853.2
7.0,475.0,-8.0,-355.0,-16.0,297.0,-3.0,834.0,16.0,66.0,7.0,-35.0,0.11848823607697145,0.9893135710272515,0.04434834015858574,0.07247358703592063,0.16125717336483317,0.31868174720263037,1.0425387592387079,no_contact,0.1118185786324887,0.992135323871122,-0.000910732492912264,0.05624300104083921,0.16029671619120492,0.36385514872613745,1.0371320885437296,0.10979128968517254,0.9866551549134729,-0.03805097555747894,0.11405963900987015,0.16790396075252376,0.407787791052555,1.0335436812514658,0.0,1400.571321263916,0.0,0.0,0.24169083885188222,0.06909121669045007,-0.959180144092795,0.12955845541465702,0.17711188976027903,0.34223617947441226,1.0481910297570156,23.7,564.1,11.0,907.1
-2.0,192.0,-10.0,-112.0,10.0,108.0,-9.0,310.0,23.0,315.0,8.0,59.0,0.11984132226646324,0.9891026553321116,0.04440082621611083,0.07309282675965942,0.1612883459146199,0.31834344257393177,1.0426525046431991,no_contact,0.1123615118232498,0.9934932164711556,-0.00526221301351415,0.017844567823062485,0.15358169946231368,0.3635631830383615,1.0362085950155167,0.10951313527958673,0.9868482897332888,-0.03818684405738523,0.11260147065049547,0.16756365850468294,0.4078545385025685,1.0334670704714946,0.0,3494.5944416382295,0.0,756.887292118698,0.2766067353816632,0.07807969584182606,-0.9479187672157137,0.1372672058395119,0.17187865054195534,0.3400552144952751,1.0525830106857423,25.2,384.4,15.7,334.9
5.0,439.0,-3.0,-331.0,-13.0,303.0,-2.0,240.0,20.0,62.0,8.0,-5.0,0.11705197540830517,0.9894158041669892,0.044562184791277965,0.07327627995628791,0.16129855198084073,0.31905193428920364,1.0425222334361746,no_contact,0.11523858549377955,0.9921773690601665,-0.001975517290245782,0.04796075551609069,0.15898774373383043,0.3629786829943965,1.037172190509799,0.10993165582617237,0.9869616625349333,-0.038305616977627216,0.11115029213438743,0.16757636773727533,0.40774147923902937,1.0335088896647822,0.0,3634.615409061984,0.0,0.0,0.25306776772899636,0.08488691719244496,-0.954004251019662,0.136480054449866,0.1758860607979919,0.3399015522269577,1.049870956520189,24.4,537.0,8.8,408.9
2.0,506.0,-6.0,-314.0,-8.0,271.0,-1.0,359.0,18.0,66.0,8.0,6.0,0.1168199135763762,0.9893744974886449,0.04462158935068741,0.07416282946946956,0.1613739343166639,0.31910547227387076,1.0424869270392145,no_contact,0.11146390436625578,0.9928446207419932,-0.002393777947268416,0.04277413838122826,0.15811121952907206,0.36390162053994024,1.0367919419591596,0.10994529791946855,0.9867337311015516,-0.03813099353427707,0.11320160203768531,0.1676401199672136,0.4077585444316632,1.0335003524694253,0.0,1093.1172078457764,0.0,0.0,0.2547782053386467,0.08113927001405696,-0.9540211853968628,0.13545502116927455,0.17507493477837452,0.3402668416425627,1.0501901760964027,19.8,577.8,10.0,477.0
8.0,452.0,-11.0,-287.0,-8.0,210.0,-4.0,275.0,19.0,70.0,8.0,7.0,0.1188132667138816,0.9893621006369907,0.0442429493839529,0.07133444403474679,0.16081948822130607,0.3185848684639999,1.0425177747025414,no_contact,0.1153423400245854,0.9913976313593391,-0.00038893748211471513,0.06186056789570912,0.15639597439934774,0.3628763122080353,1.0366204434864401,0.10950455273721338,0.9870742039466112,-0.03840291160390477,0.11053725712776463,0.16717073635612986,0.4078670635421814,1.0333713696581115,0.0,1440.753978400526,0.0,0.0,0.2606096202502415,0.07922277012432521,-0.9525979090482131,0.13551236919124787,0.17461772968705908,0.3404209378766625,1.0505092859780774,22.1,503.3,14.2,397.5
2.0,525.0,-9.0,-268.0,-4.0,247.0,-4.0,712.0,15.0,87.0,8.0,13.0,0.11534881540088329,0.9896720082029999,0.044541257203486534,0.07252615646638338,0.16123339259497782,0.31943271112818994,1.0423739070767943,no_contact,0.11660174440634646,0.9922513428681806,-0.0026555159069898415,0.04282819180115002,0.15809052154115014,0.3625814712321621,1.0371278142804317,0.11015527932424019,0.9867438109245772,-0.03810469973103503,0.11291810261179347,0.1677529243760659,0.4076506420482562,1.033541708128349,0.0,2760.6428952519004,0.0,0.0,0.2572176750216335,0.0719946470568823,-0.9545165996127949,0.13249112994931722,0.1743585614251317,0.34137722676098864,1.0502340512220107,15.7,586.7,12.7,760.9
5.0,505.0,-6.0,-299.0,-11.0,280.0,-2.0,832.0,16.0,77.0,7.0,-2.0,0.11688702528739567,0.9894243964781361,0.0445286889675747,0.07344373923057668,0.16124542786351792,0.3191079458280114,1.042493258092122,no_contact,0.11462712484352117,0.9921139291638499,-0.0016857214953276412,0.0506727949911594,0.15792266212563058,0.3631119894593742,1.0368668991123484,0.1097968030343971,0.9871102846260573,-0.038505704490836457,0.10988748222866318,0.16729408846118168,0.40780166826563163,1.033423250640218,0.0,1253.9154072042925,0.0,0.0,0.23726843048467605,0.06995794743372044,-0.9602579236060109,0.12928378722048273,0.1756367346831361,0.34211514022384953,1.0489613432534437,20.0,582.5,9.4,884.1
0.0,115.0,-8.0,-137.0,3.0,103.0,-4.0,259.0,22.0,177.0,6.0,47.0,0.11955146062766658,0.9889951085494567,0.044655729901178554,0.07484643821874334,0.16133460433100152,0.318418933287538,1.0426899549509305,no_contact,0.11525956764551745,0.9924346019862336,-0.002647148821906309,0.042211200524374326,0.1534292938566173,0.3628215280630158,1.0361739525864535,0.10937358575504508,0.987665570178706,-0.038988219163123394,0.1050431291858002,0.16655276512486886,0.40786401580914555,1.0332087852858174,0.0,1638.8183092301078,0.0,2225.0400388133735,0.27337392376959235,0.08203428310362759,-0.9483723990791019,0.13829991635369543,0.17280371257382085,0.33965684974322796,1.05211161620177,22.2,234.9,10.8,296.7
180.0,38.0,104.0,15.0,123.0,16.0,103.0,60.0,378.0,137.0,236.0,322.0,0.12583695089721733,0.9664495777076296,0.007426810554134855,-0.22379704650112942,0.1069247724174241,0.3154954677886729,1.0450647377725102,rice,0.10507220118724314,0.9745704826249397,-0.028178667149916792,-0.19590347023857063,0.11074857137765104,0.3653844590980244,1.0371908481575982,0.09592993828379962,0.9662231019539393,-0.0749512590776055,-0.22714020549884206,0.10716903736695943,0.41250694076697325,1.0330885193465447,3412.5743421705897,2390.805590500557,4868.154116185554,3624.323605610342,0.04222437713294597,0.1285960234470358,-0.9838664197364935,0.11699159304941001,0.21270593799694437,0.3441610639362105,1.0337278799515714,436.4,143.1,277.7,327.9
213.0,64.0,159.0,21.0,105.0,11.0,114.0,59.0,353.0,167.0,269.0,294.0,0.12574578591675659,0.9643396314265887,0.006360465842182833,-0.23280166893404747,0.10678795037990077,0.3155218693747628,1.0451115623469938,rice,0.10397038870362946,0.9731661792621735,-0.028634460744360463,-0.20326783678427324,0.1099808982306317,0.36564011793119494,1.037334265616305,0.09575012570936367,0.9677762918482887,-0.07404357646964471,-0.2208132947686809,0.10704324933695267,0.41267237629246334,1.0330964563629683,3029.8789836057363,1166.4838640895252,4890.66293431157,2888.500372187493,0.03659692415338467,0.12761991572524434,-0.9843279271752148,0.11607047012801056,0.21305231773627023,0.3443342028247266,1.0335976438089531,425.4,179.2,332.6,300.6
258.0,103.0,161.0,15.0,148.0,22.0,6.0,35.0,484.0,179.0,237.0,247.0,0.12089282965194068,0.9601317462315458,0.005786088631103858,-0.25198903705411874,0.10284334498655642,0.31673371100831965,1.0459139020252404,rice,0.10325911334012985,0.9674993453680092,-0.031369389588748214,-0.22868872648539806,0.10553229956563989,0.3659009656192783,1.0383225809688708,0.09311190249404569,0.9650799327735712,-0.07465932278552503,-0.2331885127807653,0.10298690908233563,0.41374176640024407,1.0340143856899944,3411.2564531166518,1594.3765334843893,5116.531553150796,4306.099214512119,0.0420096923229657,0.12734501279942273,-0.9840630111723476,0.11678366113655081,0.21085067956948628,0.34382808304192514,1.0340931551895438,568.1,207.7,286.6,249.9
175.0,47.0,126.0,14.0,125.0,22.0,123.0,60.0,362.0,155.0,264.0,320.0,0.12427378557441066,0.9667790987701954,0.00802939515002804,-0.22322573600196538,0.1069058672600933,0.31588198930197786,1.0449506173714962,rice,0.10823113607403764,0.9740333036808104,-0.029302724262859736,-0.1966888274802196,0.11047206638899656,0.36460572414391035,1.0373987340160116,0.09682022604870869,0.965873327620886,-0.07541073361920803,-0.2280959887272146,0.10700803842401305,0.41229479320471385,1.0331580810609253,2720.112916467438,1312.0363982104168,5128.495468448989,3557.594149760146,0.0433074836044936,0.12872217889008153,-0.9837780041157207,0.11720026085177895,0.2122352106452557,0.3440206795041071,1.033816114293646,421.1,163.5,317.3,325.9
290.0,73.0,157.0,27.0,155.0,23.0,61.0,52.0,380.0,145.0,190.0,284.0,0.12436455996302978,0.9625257671856209,0.005891712988010944,-0.2409209236388582,0.10471925188866357,0.3158247325352204,1.045577744618476,rice,0.10484936497921224,0.970433727012675,-0.030288583132432212,-0.21528491324654975,0.10659711577650435,0.36548880373416454,1.0381014515802138,0.0952449333473164,0.9666015575608151,-0.07446475660630969,-0.2259752898354928,0.10475277013285922,0.41300898955551946,1.0336148163770393,2553.2418316328303,1197.7151388585798,2952.470233150374,2386.21385829602,0.049384713309440165,0.12603744227183922,-0.9837744549242907,0.11774351394166707,0.21238263344128275,0.3441822442402511,1.033831160722528,502.5,164.0,253.9,290.0
230.0,62.0,159.0,20.0,123.0,26.0,91.0,50.0,346.0,118.0,250.0,332.0,0.12615650775974518,0.9633390541121203,0.0057524007643881825,-0.2367051166698259,0.10510828183369308,0.31539367038665544,1.0455892224092271,rice,0.10628942851970266,0.9726116921151884,-0.029504479828256436,-0.20459359573517472,0.10731574122824941,0.36518500909938467,1.03801404281645,0.0950482077158773,0.9664878829658592,-0.07447418730529654,-0.22654051671916403,0.10521783555260508,0.41299508384578554,1.0335102173082371,1983.65238962071,1717.6299808480221,2962.741283772774,5037.685627248183,0.04359728480648639,0.12627225292974004,-0.9841169810606343,0.11691177222869026,0.21101944043220072,0.3439051237397014,1.0340411764666797,433.3,135.8,309.9,336.3
193.0,45.0,279.0,196.0,163.0,22.0,7.0,57.0,442.0,171.0,321.0,304.0,0.1273406146986416,0.9599532106257664,0.00357294875898842,-0.24952241441325557,0.10296232331129582,0.3151726197982816,1.0463109367560015,rice,0.1067144074284179,0.9719918192830841,-0.030021831715870057,-0.20722603145933655,0.10622340475331696,0.36519399746351866,1.038325778083324,0.08866267077526999,0.9639210752627729,-0.07389629395355682,-0.23986335529877267,0.10387782144264704,0.4146221197857821,1.0336288086307426,1116.0619774895242,531.790148092053,815.236923853797,3294.0099241745943,0.036968616828642775,0.12836388137724142,-0.9842049864234202,0.11617478223272756,0.2132093163731332,0.34435938813713696,1.033600646352526,509.1,178.2,425.4,366.2
221.0,78.0,126.0,19.0,142.0,24.0,38.0,61.0,457.0,116.0,242.0,289.0,0.12311853530612074,0.9660437876115573,0.008087413531292942,-0.22701502246231764,0.10443700622028362,0.31610003513208573,1.0455883133795503,rice,0.10563106375156636,0.9695166165186735,-0.03099658424109622,-0.21890367843021702,0.10614535310169398,0.3652941321069233,1.0382693208394955,0.09375554891753901,0.9648340115274293,-0.07493579012622184,-0.2338586209769014,0.10408535308778508,0.41333737171594376,1.0337510283464817,3576.196070540841,843.6724061377422,4185.5027220069505,3336.3975827392574,0.04394432070169613,0.12632933197822316,-0.9840860459997531,0.11698055662618961,0.2109657246076603,0.34386042751142376,1.0340603448257473,527.1,141.8,275.5,296.0
173.0,52.0,118.0,26.0,108.0,20.0,119.0,48.0,334.0,158.0,218.0,254.0,0.1247124366652401,0.9655699662082617,0.007353691330448053,-0.22818275947452893,0.10750486670574722,0.3157568104470375,1.044849226924184,rice,0.10420442471601188,0.9724301994566418,-0.029069064573622072,-0.2065815445269395,0.11088837033568319,0.3654871010728128,1.0371750368096313,0.09647341568369894,0.9661690277541748,-0.07505642867414733,-0.22710531123149846,0.10711397400843367,0.41233958991449393,1.033152055239178,2457.17999401078,1000.0281188335313,3384.3307864399985,2131.130202669975,0.04498968137446063,0.12828438265790865,-0.9837438369135598,0.11733332463750981,0.21310758011555112,0.3442658636070022,1.033689193540412,391.3,167.5,275.0,259.8
132.0,35.0,103.0,10.0,111.0,15.0,47.0,41.0,352.0,98.0,240.0,250.0,0.1238842181683236,0.9668746359197149,0.008246244252962304,-0.2230204886544318,0.10306161754997697,0.31595113351361664,1.0460479997870722,rice,0.10557063826746824,0.9706206822668735,-0.030462084331314504,-0.21406165679490752,0.10452851839547317,0.3654875731748365,1.0385461256814552,0.09495341894578696,0.9645313467652299,-0.07550296449077712,-0.23444067840471539,0.10294429632074462,0.41326609291833727,1.0340935292473317,4265.799912037862,1568.1428650169878,27385.06162357165,3887.901377078741,0.05225975927704907,0.1246516157195055,-0.9837754476084023,0.11796932203632032,0.21091388268229316,0.34392930189635645,1.0341308955196644,392.0,105.1,265.4,253.5
158.0,41.0,131.0,22.0,109.0,15.0,121.0,54.0,348.0,144.0,250.0,278.0,0.12618402230538858,0.9653275236115662,0.006773859434159202,-0.22841733625353705,0.10645581410289828,0.3153889979333075,1.0452231889135712,rice,0.10381659314192682,0.9734745669548359,-0.02841335826361288,-0.20189617022787087,0.10981600550475659,0.36568295080391183,1.0373364118197779,0.09657306535302262,0.9671125813270364,-0.07460909458493159,-0.22315998990072988,0.10691383601836044,0.41243054323517014,1.0331721292692055,2516.1239508151393,1094.2848893958849,4084.5799436883913,3484.1645551968277,0.0598568568071402,0.12630572707116433,-0.9829765307014893,0.11925250560159353,0.21216396710749078,0.34408527128968547,1.0340521595338226,397.4,150.5,307.1,284.0
179.0,49.0,107.0,19.0,111.0,20.0,128.0,58.0,341.0,126.0,211.0,315.0,0.12557773061233218,0.9665239710556914,0.007604225862311437,-0.22361534539925637,0.1071997259887218,0.3155390868858373,1.0449580379995178,rice,0.10735674676531404,0.975094092436887,-0.028376338109943194,-0.191991727046043,0.11061353190886944,0.36482360837101646,1.0373242813890946,0.0954538949099202,0.9673647614625887,-0.0741667882353339,-0.222695441690687,0.10732719677013738,0.41265566248132624,1.032984856761929,3043.136174630068,786.0453803760488,2534.4592675257168,4258.144469012722,0.05371115890952849,0.12752334082130107,-0.9832594619571111,0.11854846867919264,0.21275039661544395,0.34417869087218844,1.0338414864742487,400.8,136.7,269.0,320.9
235.0,64.0,131.0,7.0,168.0,28.0,22.0,49.0,483.0,126.0,251.0,276.0,0.12184849813680848,0.9631623130688352,0.0069443232758436835,-0.23963113019792776,0.10338609726991516,0.3164506981883436,1.045786332662738,rice,0.10636198828753848,0.9706168687287173,-0.030658342117482973,-0.21365881129826508,0.10530994447410294,0.36523563961679695,1.0384949693720493,0.09345594584309724,0.9648648662398895,-0.07487330696093747,-0.23387125515373847,0.10279800765285102,0.4136471851717173,1.0340597771742046,3354.554410901624,1900.8046173818432,9892.088506882837,7748.974448094109,0.04770311828387841,0.12688474210743905,-0.9837675868184907,0.11758405441064682,0.21063254582723318,0.34373763964401316,1.0341772552302908,562.8,144.1,284.0,280.4
175.0,45.0,130.0,30.0,107.0,20.0,110.0,64.0,324.0,147.0,257.0,389.0,0.12580915302890655,0.9664035590673017,0.007396633055605839,-0.22401229398325884,0.10640732274304962,0.31549925022362696,1.0451846858227465,rice,0.10417109372063718,0.9747144218376536,-0.027883305813002884,-0.19571075686245176,0.10987290145402057,0.3656606103229344,1.0372930802713585,0.0967877683123882,0.9660562797479554,-0.0752936026230244,-0.2273725261958744,0.1065118871048174,0.4123874059603583,1.0332601779186263,2358.182070523622,1601.5602038808165,4210.7964631123605,4198.316302988241,0.04429180681916972,0.12703806661051043,-0.9839597536679829,0.11714422154847906,0.21274172041048925,0.34424057363792343,1.0337103945896164,383.5,155.0,308.3,395.4
221.0,79.0,153.0,21.0,111.0,10.0,102.0,53.0,336.0,162.0,255.0,271.0,0.1257756933955556,0.963217898531794,0.005783299310624046,-0.23739904875113838,0.10587649708644883,0.3155103761402145,1.045379583358668,rice,0.1042194174742104,0.9718911748908303,-0.029370793303704595,-0.2090531360476754,0.10899397635962663,0.36558375947331895,1.037578226948039,0.09508014959630079,0.9665536435286481,-0.07447021401455331,-0.22624766641640004,0.10594488448044218,0.4128957275464925,1.0333583635374546,2410.6013422176593,1036.2492024900625,3591.120529476263,2733.9417741143448,0.03955037561435737,0.1258824950211173,-0.9844112614111055,0.11629201882768181,0.21252481341226656,0.34430304971383563,1.0337109531050142,417.2,180.5,314.4,276.9
263.0,88.0,156.0,23.0,136.0,12.0,80.0,48.0,372.0,141.0,219.0,240.0,0.12593972520425595,0.9622139899303142,0.005189562357786726,-0.24136381593022033,0.10543086939285284,0.31548937754652023,1.0454964505262747,rice,0.10317975084218123,0.9715058977107726,-0.029314729656019667,-0.21135485883822508,0.1084736185861209,0.36587391619808884,1.0376130621946125,0.09517714450608672,0.9662277745569816,-0.07468598732040724,-0.22752406935598024,0.10527427798709268,0.4129710096419349,1.0335110710266777,3264.042488720617,1097.4932395881963,3843.192102531149,2474.4816420098405,0.04310339716607753,0.12551969635180493,-0.9842546591030301,0.11674617344680957,0.21315948847776958,0.3444645860444228,1.033616360780901,475.4,166.6,280.5,245.8
125.0,34.0,79.0,1.0,112.0,20.0,16.0,43.0,407.0,97.0,276.0,297.0,0.12205180236289004,0.9662320081055609,0.008464313860636341,-0.22677614390216239,0.10163227143418568,0.31641349306582434,1.0463443628542908,rice,0.10503843731842824,0.9692505958010345,-0.031002045800420958,-0.22036125426497055,0.10256982373052326,0.3657196778225009,1.0390297054236437,0.09319301677763711,0.963574235237814,-0.07541958608285049,-0.23906409359173014,0.10139385992807856,0.4138722630942623,1.0344291362624844,3110.554183852529,2776.441520071874,284784.89468802745,15219.07810637344,0.06067842777746252,0.12500956162706006,-0.9830989192408125,0.11919418145116267,0.20851701816456886,0.3433506152365229,1.0347346821675927,440.2,104.7,287.5,300.1
250.0,51.0,170.0,27.0,140.0,18.0,42.0,54.0,429.0,120.0,288.0,277.0,0.12198770682329027,0.9640836599552689,0.0073935702682451365,-0.23581143125373816,0.10472937148664904,0.316419424692018,1.045399175330357,rice,0.10515423001810775,0.9709920691087425,-0.03010024188782595,-0.21262870237932624,0.10679743944689576,0.36544228107716215,1.0380506728390375,0.09156494564981474,0.9662435479208894,-0.07361133810508647,-0.2292828771011418,0.10489573017733553,0.41387426438714625,1.033412371678707,2066.0910018847935,1295.898545166937,2871.699676226013,2467.46018934007,0.04110979122182512,0.12753189622355765,-0.9840822478020271,0.1167378690581215,0.2129253243324666,0.34427020345421677,1.033652644968384,515.9,131.6,337.1,283.5
155.0,34.0,118.0,37.0,121.0,12.0,118.0,15.0,330.0,134.0,255.0,55.0,0.1256476132383145,0.966593992597127,0.007602007414972745,-0.223273241222324,0.10669567911147484,0.3155237954086276,1.0451222790208359,rice,0.105283302648187,0.9751444545644932,-0.027861261468192233,-0.19295716888731418,0.11070147485236273,0.3653360833134356,1.0372165322495976,0.0965277755128146,0.9674869564766635,-0.07442002187406982,-0.22161461582290348,0.10711774495872992,0.41244545609472016,1.03310905882774,2717.703117207016,871.4789467274977,1477.7629434724633,570.0530771514588,0.05318548140876145,0.1256363144767989,-0.9835709287593688,0.11821611206361693,0.21335300091659684,0.3444426093878835,1.0337353390884931,384.1,138.8,304.8,68.0
197.0,45.0,151.0,15.0,109.0,20.0,132.0,68.0,361.0,170.0,243.0,344.0,0.12603659405531722,0.9658551327761735,0.007067043656508759,-0.22624919081139555,0.10737858803772463,0.3154774692296934,1.0449566532551189,rice,0.10605808907320896,0.9740454667616518,-0.02870330839703572,-0.19789701996311054,0.11074437197992137,0.36514608009638755,1.037259312095922,0.0967445741066418,0.9683692027826181,-0.07402502063831867,-0.21776563273982585,0.10748720079455751,0.4124498027322599,1.0330116487216032,2493.9843689545055,1851.2269614151407,5017.712511675503,3833.8480650570646,0.04143873513631924,0.12840842189928858,-0.9839403955557933,0.11685634946011295,0.21281244491261198,0.3442334424816005,1.033686947337027,425.5,177.0,315.1,351.0
219.0,54.0,161.0,14.0,113.0,11.0,103.0,42.0,344.0,141.0,244.0,266.0,0.12549901629965646,0.9639908731875637,0.0062558821577926305,-0.23437674214248233,0.1063275327809349,0.3155764627847858,1.045231261384553,rice,0.10322981069334436,0.9748368982306614,-0.02751096342790918,-0.19565217842770888,0.11003942238266298,0.36586697195012446,1.0372698890507668,0.09477705984722809,0.9676874672365834,-0.07381521995213458,-0.22169706354252733,0.10683574668205392,0.4129228383928438,1.0331107319435235,1923.3086451311708,931.0703778147399,3263.2126467593143,2376.984999033663,0.04448104777452894,0.12532444825364197,-0.9841975264682815,0.11692069086571355,0.21313629740354817,0.34445144540877803,1.033650756166886,423.2,151.4,309.9,269.7
82.0,-5.0,26.0,139.0,49.0,23.0,-10.0,0.0,387.0,3.0,173.0,360.0,0.12818815559516292,0.9762380751754915,0.01302845460749541,-0.17423339723859388,0.1170232270530411,0.3149426692006453,1.0430512666422822,tom,0.10848432666296629,0.9876006099470747,-0.019337677229353034,-0.11181341753126994,0.1205439908476231,0.36452726425387993,1.0357116569676608,0.09594916626139671,0.9854429232383614,-0.06281586892585747,-0.12549967786518434,0.11802682777010517,0.41268403691761085,1.0306209915380826,5250.393433474754,0.0,8010.721276195285,3828.7045108546213,0.027880824398646864,0.1296976065285113,-0.9844600044682068,0.11506385224772409,0.2176843898193979,0.34537256352203094,1.032816324708128,398.6,23.7,175.2,385.9
46.0,-14.0,53.0,124.0,40.0,17.0,-6.0,0.0,478.0,62.0,166.0,524.0,0.11881137093974242,0.9794881298895194,0.017257309871959198,-0.1618303024681525,0.11883311185141746,0.317326494320317,1.0421909765428068,tom,0.10624228084634268,0.9899118045941655,-0.016674152694124478,-0.09224515986013909,0.1238397099914278,0.36506166418572195,1.035143895107106,0.08982869445867864,0.9852792189064934,-0.06203615041771954,-0.13155676525443252,0.12065671310769124,0.41387440218386373,1.030281903032793,5344.186437000798,973.0240249627814,6280.481624593721,6949.8389695428705,0.02426605087303879,0.13113872843362134,-0.9844134897994411,0.11464673471462336,0.21835963471203734,0.3455175172583385,1.032726553939714,481.9,65.8,174.4,538.5
60.0,-11.0,33.0,152.0,48.0,27.0,-12.0,-5.0,426.0,63.0,242.0,438.0,0.12680125311796134,0.9768798743257114,0.013767430826983451,-0.17157392340772876,0.11825844385577108,0.31535026909847896,1.0427578192031208,tom,0.10795225780605777,0.9894534770995153,-0.01732767510392816,-0.09501514808569306,0.12301406347527874,0.3646573263599793,1.0353020278432505,0.0986422951009844,0.985790261125905,-0.06288888742174062,-0.12054976783630586,0.11991878967333727,0.4118851050555123,1.030532107002967,4491.863668898118,2168.494832708051,7844.4140417992985,7317.4916625888945,0.02786747027940817,0.12935895920540003,-0.9845143598592642,0.11498321183731572,0.2182169295247587,0.34556296115897217,1.032764842864981,432.9,69.4,244.5,463.7
62.0,-8.0,25.0,100.0,47.0,28.0,-5.0,-5.0,423.0,28.0,115.0,474.0,0.12529675350616448,0.9770801314328169,0.014244203303382386,-0.17149997956937402,0.11752829033697706,0.3156587829534665,1.0427732051319571,tom,0.10814474647708869,0.9886277019612209,-0.018237231723638503,-0.10289501495864573,0.12164896117137153,0.36458592446502935,1.035494795089901,0.09573595890937472,0.9841914039226545,-0.06378599958427411,-0.1346597670928172,0.11838814668832243,0.41254605054213267,1.030665029656388,6142.212774687466,0.0,12004.147054199088,13316.878025872858,0.028638500683542456,0.12855742780007506,-0.9845903782981145,0.11504177936212073,0.21676882312837523,0.34519643830806734,1.0329222582832462,430.1,40.4,117.8,484.5
52.0,9.0,27.0,18.0,47.0,23.0,-12.0,14.0,466.0,60.0,261.0,134.0,0.12702837212180293,0.9773835856529696,0.01408695516821959,-0.16848346169971196,0.11933413424183253,0.315299121448509,1.042572513062418,tom,0.10952018974106625,0.9888147535022591,-0.018177233474726162,-0.09960070019108164,0.12387163754112687,0.36422558616036205,1.035418959236067,0.09610665068325638,0.9856405291548069,-0.06268231116264614,-0.12388376346070937,0.12082474034791085,0.4123393481689188,1.0302921684979043,3673.5828767534003,3723.362420667167,5141.505429544482,1951.9243285504526,0.027574703352999663,0.12960575767595678,-0.9844903739055155,0.11498124629527173,0.2220756417345829,0.34655246087809927,1.0325124133602845,471.2,64.9,262.7,135.9
63.0,-6.0,32.0,152.0,45.0,28.0,-10.0,-1.0,393.0,-2.0,199.0,435.0,0.12688185257268877,0.9766779194902628,0.013598534926745398,-0.17267401922623116,0.11739122868661586,0.315277804378304,1.0429172785637912,tom,0.10636733400963605,0.9874181034230207,-0.01928333713713301,-0.11541071092850397,0.12081368831289288,0.36505098559964366,1.0356554366818833,0.09635398887409219,0.9851653659364468,-0.06312010526040299,-0.1272044138356589,0.1190281703746455,0.4124543997722978,1.0306319908480057,6954.310726374439,0.0,11954.166168562939,4775.995491360084,0.031091321440515962,0.12971397680405972,-0.9843109124883482,0.11549736581028008,0.2178079984448138,0.34539968944735966,1.032869245290902,400.6,28.7,201.8,460.8
39.0,-2.0,33.0,188.0,52.0,26.0,-3.0,3.0,446.0,3.0,208.0,431.0,0.12765970240046656,0.9797252250361305,0.015832467423110758,-0.15359302323420632,0.11756963066663756,0.3149945959861613,1.0430481925575918,tom,0.1079988740459372,0.9878505743198893,-0.018997903192309346,-0.1101206869528612,0.12086355522827094,0.3646027743695639,1.035679725647358,0.09484650710766301,0.985563003276679,-0.0625230344157342,-0.12554113600400704,0.1187851873003983,0.41281981837047954,1.0305143976484845,5232.715287263874,0.0,203934.39849722895,5874.053686237302,0.03465631708299477,0.1289282966197579,-0.9842433608344288,0.11593722728407183,0.2169528864970848,0.345189572142095,1.0330177210667744,450.7,26.2,210.6,470.2
45.0,3.0,72.0,97.0,44.0,26.0,-5.0,-9.0,481.0,60.0,165.0,448.0,0.1259315164426345,0.9794393386567508,0.015868714317114924,-0.15680567261424633,0.11894184720667902,0.3155052542265927,1.0426395204712862,tom,0.10786423230743877,0.9890474253548107,-0.017770637657612387,-0.09917006718253712,0.12349569116420353,0.3646524375766601,1.0354709499432924,0.09364213765224672,0.9846402319574232,-0.06312130341964634,-0.13315579116716555,0.12059826576711455,0.4128580274968954,1.03045072569195,4683.821531259192,4199.028838014867,3153.5425403680756,4001.3027402768666,0.025700309942353006,0.12998685699986012,-0.9845154020413307,0.11477078992305398,0.2184501654742273,0.34555733041775494,1.0327140540796842,485.1,65.5,180.1,458.5
74.0,-2.0,32.0,126.0,50.0,27.0,-5.0,-6.0,469.0,35.0,235.0,396.0,0.12753640157974677,0.9772618585584618,0.013870753024917692,-0.1688233641693957,0.1183446080514445,0.3151533683790783,1.042787110782937,tom,0.10759568801006017,0.988827119509096,-0.018019285861213902,-0.10158445246216563,0.1223479632580535,0.3647482726201615,1.035412347404772,0.09483477593932974,0.985742787627956,-0.062443201426384626,-0.12417072323067094,0.11989220578657192,0.4127737990151594,1.030314493880038,4973.119753772214,9729.72519445857,5038.48676155249,3878.154119112382,0.02816046166534447,0.12988381595496656,-0.9844210349346164,0.11511910671139741,0.21890983656664667,0.34569682718293804,1.0327038969806817,477.4,44.2,237.2,415.6
56.0,-9.0,49.0,156.0,67.0,32.0,-6.0,-2.0,431.0,86.0,84.0,494.0,0.12960057267621886,0.9763574256228431,0.012826702810064733,-0.17252635940096955,0.11833679927889024,0.31461209356223396,1.0429478987575864,tom,0.10922572155797455,0.9895498833598324,-0.01729470210900666,-0.092529256841515,0.12341159862057557,0.3643136532654432,1.035451164962778,0.09975982438781442,0.9829150364172918,-0.0654276336941148,-0.1401614546588842,0.11927748580941555,0.41136531399831855,1.030954787035129,2779.491588411645,3265.2507397025747,3560.0985587105083,6069.615556107041,0.02967381919025941,0.12980644109850842,-0.9843646960147545,0.11530783817149234,0.21811331217965632,0.34546387831551073,1.0328275146077495,439.8,92.2,97.4,518.1
91.0,-4.0,38.0,194.0,56.0,28.0,-8.0,1.0,407.0,13.0,190.0,482.0,0.1275375477210311,0.9766719164575588,0.013522263139461893,-0.1722303397314522,0.11744793779667129,0.3150740772511389,1.0429452202111515,tom,0.10820033396441431,0.9882990092202095,-0.01855608383116919,-0.10589347410105904,0.121330963929799,0.36457514573942906,1.0356872968828736,0.10072884890673281,0.9850451872727155,-0.06376248590298483,-0.12439462777892371,0.11871463630699503,0.4113409884760436,1.0306430363201045,4422.695977787638,0.0,5597.026204207401,4572.053449371822,0.029475049574265832,0.12961836464859744,-0.9843996089664596,0.11527233347642021,0.21754907931639067,0.34531696582051474,1.0328618775400034,420.8,31.1,193.9,519.6
56.0,-6.0,42.0,26.0,43.0,17.0,-16.0,24.0,396.0,47.0,264.0,241.0,0.12636473369722187,0.9788679171111178,0.015329641141681116,-0.16004548425569204,0.12005103570108053,0.31546714249775093,1.0424329371633299,tom,0.10842089514889394,0.9879957139150044,-0.018951136682859332,-0.10839849260539305,0.12464591235080466,0.3644021063635935,1.0351325346636155,0.08793763877748323,0.9853200127137816,-0.0616971135418459,-0.13268349713720656,0.12339750093979807,0.41398786775449753,1.0298141619635919,2851.002574533687,3478.666567263137,2467.5035012628523,3712.5239297964445,0.006121866877327353,0.13227505488479585,-0.9848301425189964,0.11214019345075896,0.2241077269402608,0.3470118669407719,1.0320275588450092,402.2,50.3,267.8,243.6
111.0,-7.0,55.0,167.0,60.0,25.0,-7.0,-3.0,472.0,33.0,171.0,551.0,0.12862355247196,0.9766657319121238,0.013234822029050852,-0.17147848070212257,0.11885401519319228,0.3149012914415401,1.0428226414969695,tom,0.10970670169124325,0.9885278057170244,-0.018512648152833128,-0.10214939445088528,0.12324017982271401,0.36422489552254633,1.035690316862166,0.09738448190414417,0.9846649104168761,-0.06367927686449862,-0.12998548602056317,0.119702178434239,0.41204802394252704,1.0304853636174842,3312.8571644794274,27292.994295851466,2305.8144090170235,3614.022496818654,0.02707731659643897,0.12978363708189666,-0.9844901421327786,0.11490076812237857,0.21798641822063544,0.34547610356125097,1.0328175839260256,488.6,42.0,179.8,575.8
60.0,9.0,42.0,109.0,47.0,27.0,-6.0,-8.0,496.0,64.0,192.0,442.0,0.12643005557322812,0.9785583617681697,0.015102413358502237,-0.16189777877443084,0.1193098825030448,0.3154244603332183,1.042579836991555,tom,0.1079494616419612,0.9894980979348813,-0.017261485819514755,-0.09456462880890379,0.12363690691246784,0.3646237267967415,1.0352714469083613,0.09562328341753562,0.9846790056281112,-0.06338857203980924,-0.13132148521257983,0.12027133941080212,0.4124475508386035,1.0305800380297487,2986.844192713537,2822.8495758206304,2954.9268099482047,4391.049357162813,0.02554055962321128,0.12929487234654846,-0.9846246868319781,0.11465052062704431,0.21917792630080282,0.34580344764085197,1.032633993606413,501.8,70.0,196.6,455.3
51.0,-12.0,19.0,95.0,44.0,23.0,-11.0,-4.0,428.0,45.0,216.0,401.0,0.1246896024135287,0.9781967612005771,0.015203742499963535,-0.16538574799737538,0.11776828749021731,0.3157926754756548,1.0427457733272876,tom,0.10857306506913625,0.9889892786272422,-0.017855785138051083,-0.09896093794504998,0.12211734065646487,0.3644623498923639,1.035443903247936,0.09860804830929579,0.9853972275649576,-0.06318351770415279,-0.12359854289778338,0.11942646789131281,0.4118518875132854,1.0306175395844552,7376.181949424735,5437.575636592684,7314.823053868991,24093.785287747996,0.032395069234743,0.1290145477633492,-0.9843461752224331,0.1156218546800804,0.21785413648713906,0.34543306040372396,1.0328889167583923,433.3,51.9,217.1,412.1
36.0,-14.0,48.0,61.0,48.0,17.0,-8.0,-10.0,462.0,63.0,176.0,423.0,0.1264239050191284,0.9778854637790358,0.014574075001689835,-0.16596569617610762,0.11906173050977364,0.3154545444781892,1.0426021386049298,tom,0.10934973830549594,0.988983740919963,-0.01797940410779278,-0.09813529414233679,0.12339627855338145,0.36430008547262305,1.035419531238306,0.09284720433231758,0.9849093711784451,-0.06280120447770077,-0.1318671146598058,0.12106115131368964,0.4130646858826549,1.030348997168826,6114.181560595563,4650.952568393926,4038.084006338564,3777.1803645516984,0.02085144067962663,0.13082652266150974,-0.984592436504759,0.11413751516264659,0.21929403397573244,0.34578500410616125,1.0325522602793233,465.9,66.7,182.6,427.5
79.0,-7.0,30.0,95.0,45.0,20.0,-8.0,-9.0,456.0,56.0,186.0,488.0,0.1277740149663106,0.9770563628065858,0.01367851171919962,-0.1698457044370053,0.11898233120295496,0.3151208617712996,1.042691255569228,tom,0.1070796450097059,0.9892383052398717,-0.017517662741794227,-0.09815628641512159,0.12322916029380585,0.3648635591486482,1.0352736904786273,0.09330991905891706,0.9856049154622055,-0.0623294842314695,-0.12645649456392496,0.11966031519333961,0.4131620498278197,1.0302883351410324,7368.560031254638,2286.6240221259623,17860.74713257378,8344.780393397525,0.023408517637941495,0.12994768192575157,-0.9846186153815348,0.11441950667725956,0.2192189167302928,0.3457915261984137,1.0325996946008247,465.0,59.9,188.6,497.2
63.0,-10.0,30.0,96.0,54.0,21.0,-13.0,-3.0,343.0,47.0,225.0,478.0,0.12709929148404173,0.9762490632422192,0.013295222668656015,-0.17494791704143092,0.1165718341239454,0.31518126985381223,1.0430811950615684,tom,0.10733046546261937,0.989325933938157,-0.01738358287416239,-0.09701638350004549,0.12121818882438398,0.3647957605664643,1.0354107639525503,0.09311245830923959,0.9869743777115443,-0.06109706063276557,-0.11609822147886653,0.1184415081956944,0.41343656851991956,1.0302869229869576,14567.799852326274,2741.800490441348,12758.295541680436,9635.625854677372,0.030380126945567798,0.12931852341708772,-0.984402281294813,0.1153512720760464,0.2161307221180818,0.3449911870662282,1.0330533862045284,352.9,52.4,227.4,487.6
57.0,-3.0,30.0,121.0,56.0,25.0,-5.0,-5.0,439.0,8.0,110.0,443.0,0.1261336132385124,0.9768026340379967,0.013877779859226974,-0.172494443313421,0.11723915984150829,0.31545348224195724,1.0429045774491852,tom,0.10749933074855544,0.9876895941959378,-0.01912383904576126,-0.11201534799226615,0.12086983490844153,0.3647611779890684,1.0356604072596354,0.09270447443315755,0.9841595223334889,-0.06331989387874604,-0.1372097156165477,0.11806462355898892,0.413323926416813,1.0306120205748206,5408.408675010038,0.0,7865.947529477381,4522.296614369175,0.024597917767609834,0.13040304209029163,-0.9845040227494715,0.11463776971488757,0.2178837126482387,0.34540104048372866,1.032763669510879,446.2,26.4,114.1,459.3
78.0,-6.0,20.0,129.0,45.0,27.0,-8.0,0.0,429.0,13.0,228.0,374.0,0.12722161453081343,0.9766782847616857,0.013508737171339907,-0.17242883428006162,0.11772228166209278,0.315219925879397,1.0428787128073926,tom,0.10768557266538423,0.9883965304851555,-0.018482877952061716,-0.10552013640649244,0.12174837190528834,0.36472691960991965,1.0355111819296017,0.09451199309301461,0.9862784274630303,-0.06194640770873677,-0.12035360092087469,0.11912008456594364,0.4130003336406079,1.030360788408767,6896.82962659444,0.0,9387.566084774604,14303.44849229388,0.03351253452064018,0.1293152986604857,-0.9842460226509814,0.1158198189347393,0.21786204726184258,0.34544283579724877,1.0328980561504388,438.3,30.6,229.0,395.6
32.0,-2.0,60.0,191.0,76.0,18.0,-11.0,26.0,465.0,5.0,245.0,337.0,0.12726766160759442,0.9782277022426784,0.014760954506126966,-0.16326548654266548,0.11337950312706252,0.3150449465873342,1.0438625640180732,tom,0.10783364357871414,0.9876768423919694,-0.019117840268461056,-0.11180728285150687,0.11784567169566962,0.36475660293593426,1.035989492798786,0.09640765834896523,0.9857179768463278,-0.0625777780694548,-0.1230839356924448,0.11733395886486242,0.41262852890238866,1.030603789579743,23230.660987166,0.0,10627.59211549475,27793.09874143011,0.05481160020114445,0.12592586635760245,-0.9834136965341036,0.11847306079698622,0.21353241005580337,0.34445454935377984,1.033760250257064,472.3,18.8,252.5,388.2
2.0,-12.0,-13.0,25.0,95.0,11.0,4.0,20.0,213.0,37.0,111.0,140.0,0.13182751867021367,0.9776576781504906,0.013339327015056718,-0.1631840434277544,0.1212044600483278,0.3141068702226164,1.0426187662347437,us,0.10990929522892787,0.9858247405407927,-0.02123122130835159,-0.12497504951674601,0.12370744345780643,0.363996455227782,1.0355828637064226,0.09809625772307218,0.9809564061892335,-0.06665782493421385,-0.15381283350901245,0.12038878589335478,0.41139010728277,1.0306656075535625,2025.9635015379738,2679.8668825144623,2063.4597648913555,811.3297585800924,0.045513842567848795,0.1253132152530707,-0.9841291391090177,0.11711074149790801,0.21257080755082614,0.34427279971341557,1.0337439540059947,233.2,40.4,111.8,143.6
-17.0,-16.0,-12.0,32.0,59.0,11.0,29.0,19.0,187.0,42.0,129.0,151.0,0.1270650422478301,0.977276244225596,0.013993034916967434,-0.1690852225497032,0.1215807850658395,0.3153343877304233,1.042239403757441,us,0.11407740292499702,0.9846902265746942,-0.022788156078284633,-0.129816038195275,0.12369295849602999,0.3629208600174344,1.0358446925041427,0.10155154714255762,0.9812946314903594,-0.06698822666109938,-0.14920022442997158,0.12054323128152514,0.41057709690641014,1.0308400279291263,1396.0907317663268,2325.571357165972,1616.4312741038364,1044.8845591135314,0.04974503078580311,0.1254918576767537,-0.9838289037678218,0.11771964016239186,0.2129592653657314,0.34434496261139985,1.0337499809122974,196.8,46.3,132.8,155.5
22.0,-20.0,-16.0,43.0,70.0,10.0,16.0,8.0,175.0,54.0,146.0,131.0,0.13103457198151475,0.9784376816533711,0.01411743564372231,-0.15902937488792096,0.12186234760201997,0.314338320201137,1.0424537750972538,us,0.10987505646661175,0.9858648356530406,-0.021180355943869994,-0.12469719448068309,0.12396515484566814,0.36401554522294144,1.0355035387455631,0.10176498804456935,0.9808198710995837,-0.06739589870011989,-0.15196730076858417,0.12073950500316577,0.4104735837493173,1.030798524543309,1703.4021696731572,965.1019963573509,5917.190500887489,792.2594799589344,0.04591105926653555,0.12688913953815573,-0.9838803485339904,0.11734896962873406,0.2127545366283216,0.3442495828975978,1.033724488731261,189.8,58.4,147.7,138.1
2.0,-20.0,-21.0,40.0,56.0,11.0,1.0,16.0,222.0,41.0,74.0,140.0,0.12648096548993504,0.9790349065462705,0.01545149859804898,-0.15891654515418902,0.1211768574190411,0.31547275384898854,1.0422818466649941,us,0.11006275294595796,0.9861231788274737,-0.020939123122230563,-0.12251048818785754,0.12389744689945195,0.3639954539852541,1.0355551292798715,0.09369982706082969,0.9818366984014137,-0.0651926759802407,-0.15154852384472958,0.12084017559047314,0.41252025865739367,1.030397743734109,1760.6646780071621,2513.7722833842813,1118.0084678147025,991.9228511333697,0.04749805328147738,0.12656420707647525,-0.9838289478889285,0.11749909666604635,0.2124190307277808,0.34422417633585034,1.0338074312040244,229.0,46.9,76.9,146.5
20.0,-18.0,-8.0,41.0,46.0,7.0,6.0,19.0,168.0,58.0,81.0,170.0,0.1294737534540179,0.9776706971229877,0.013843440377784177,-0.16493912304873465,0.12044329922196498,0.3147491109286956,1.0426110300145714,us,0.10431183425816865,0.9863044017625162,-0.019980853901284623,-0.12618808887908914,0.12298493370978214,0.36549847411710595,1.0354111122558156,0.09240174388648778,0.9813350586190439,-0.0652830219406936,-0.15550417196392072,0.11953666780543809,0.4129806769805787,1.0305488063215948,1082.762508522221,860.8032896279893,637.2106405550581,928.800184676801,0.052516354047490665,0.12852327264268987,-0.983208792568195,0.11842411563259636,0.21195379124534042,0.34401848490045567,1.0340174241585105,175.3,61.1,81.6,175.9
10.0,-11.0,-25.0,11.0,79.0,16.0,7.0,12.0,217.0,45.0,106.0,126.0,0.12801109621114334,0.9781131263524044,0.014416600854420175,-0.1634014471286931,0.12065675388796604,0.3150815930404654,1.0425001032073902,us,0.11070443279635783,0.9860882697053218,-0.021087462633155474,-0.12218744546186822,0.12347383897481606,0.36385809646849043,1.0357178494720625,0.09920589294717769,0.9807779249991591,-0.06697985379800275,-0.15409916230822088,0.12005494520390819,0.4111820153230359,1.0308262590543902,1913.4460803129418,525.4296727166427,4838.981888752634,870.5552555059525,0.04103029860640656,0.1289305055570103,-0.9838907065593012,0.11684398520814573,0.212644923166117,0.34414712113390755,1.0337737862242173,231.1,49.0,109.1,127.0
4.0,-15.0,-21.0,25.0,66.0,8.0,1.0,17.0,194.0,46.0,97.0,140.0,0.1308433889480911,0.9768606792723658,0.012979277801654171,-0.1686853852823607,0.12120821998847797,0.3143583460349153,1.042577113688469,us,0.11026121748533063,0.9864100428786975,-0.020669547948534622,-0.12004357964631754,0.12402929573876045,0.3639146165900147,1.0356442433066106,0.09875649178771467,0.9803440279294287,-0.06714761298582536,-0.1570475733756897,0.11973743106110349,0.41122992854703827,1.0308340772995102,1873.094973490775,1064.9193054527432,10906.014298401158,841.5915710788487,0.04965583610020197,0.12672501055681484,-0.9836617776674512,0.11783283411967654,0.21243463071671198,0.3441594169985251,1.033867672453767,205.0,49.0,99.3,143.2
8.0,-15.0,-21.0,36.0,73.0,6.0,7.0,20.0,189.0,46.0,116.0,138.0,0.13102522354864302,0.9765776000817985,0.012701943447675251,-0.17019765699078893,0.12114624591498901,0.3143057051615678,1.0425778639218077,us,0.10940696646365577,0.9857835640859145,-0.021157756988682247,-0.1257506651533067,0.12380122032969682,0.3640931543743636,1.0355727476974246,0.09949441283858204,0.9802661824782375,-0.067363591665035,-0.15697522040575354,0.12047864638761266,0.41094159285102727,1.0307555835581717,1558.310354456328,1050.771999837623,3115.665605053166,743.1679272958899,0.048976124120278186,0.1247561261831937,-0.9839847986920813,0.11752090958132527,0.21253982792510864,0.34427603871332746,1.033800219939993,202.8,48.8,118.1,144.0
24.0,-14.0,-4.0,39.0,61.0,5.0,21.0,19.0,164.0,45.0,92.0,146.0,0.13306176584921164,0.9775842033932868,0.013135914956657085,-0.16263806283663623,0.12097377503577855,0.31377576233686705,1.042756636799713,us,0.10962227420731582,0.9850459639627359,-0.02180015186313672,-0.13111887452645724,0.12307189571012353,0.3640342470046247,1.0356373896318636,0.10116967777755326,0.9803526728191263,-0.0675705911797313,-0.15526605682634767,0.11990690359111408,0.4106214609812725,1.0309201312263685,1347.4444136435436,991.4587032974426,993.4594393548117,880.5360072854819,0.04423651010161189,0.1256516803378237,-0.9841641966490839,0.11694280839955234,0.2123641356138366,0.3442360268260044,1.0337755530962043,176.6,47.4,94.5,152.3
8.0,-12.0,-21.0,34.0,52.0,6.0,11.0,13.0,168.0,44.0,120.0,142.0,0.13171591191314153,0.9784536710382893,0.01395069686395567,-0.15838153376449976,0.1216448353994517,0.31419555125346427,1.0425626572831093,us,0.10656659460919679,0.9859047998155163,-0.02074391607671852,-0.12729876888614675,0.12393815539396233,0.36486893200087683,1.0353164090893299,0.10007565822349196,0.9809994195035738,-0.06702374896547628,-0.15209476861285845,0.12089476317246192,0.41092329792970006,1.0307192605208026,1624.2608812553517,487.71772805670963,4355.535648576138,1109.4821754343175,0.0534963934690878,0.12606104433139398,-0.9834903641213499,0.11829392490036769,0.21226096787178808,0.3441791026275538,1.0339312971782542,176.0,46.0,122.3,146.6
7.0,-17.0,-10.0,35.0,58.0,10.0,33.0,11.0,164.0,47.0,109.0,134.0,0.13066616368922407,0.9782936330228709,0.01402886638801934,-0.16022207139317352,0.12157257806638799,0.3144407842199093,1.042479933125736,us,0.10839019035631597,0.9864576403329282,-0.020484388334954085,-0.12138072457295496,0.12437496826116154,0.3644073863271384,1.035369331921594,0.10104767387798183,0.9804185687577075,-0.06760326482207796,-0.1549148031155612,0.1209560665418703,0.41059574144615507,1.0307449089953686,1330.7160636505598,957.9159488611037,2999.6687502482937,901.4180630007786,0.043614013436704346,0.12783167403637002,-0.9838892780051085,0.11712715129972265,0.21311587644352792,0.34429085287106614,1.033651346043126,174.1,51.0,114.3,138.9
12.0,-21.0,-16.0,34.0,53.0,9.0,6.0,16.0,195.0,44.0,97.0,140.0,0.1270013572697992,0.9797732804919663,0.015940138247059865,-0.1538209546138135,0.12142106351200335,0.31532392276341303,1.0422748445337149,us,0.10825382514734022,0.9868856420006705,-0.020004520927307257,-0.11805785910460415,0.12400587044251735,0.36446611856776256,1.035424044205026,0.09207063244498465,0.9815972740480863,-0.06505306407475844,-0.15413594349480095,0.12066542275816128,0.4129092341014952,1.0303200757204918,1596.8808575862565,981.6471024589307,1102.8253733452473,1020.2839347060823,0.04750216183041639,0.12740022803503553,-0.9837061911978342,0.11762166431872884,0.21247519234953888,0.34416765307264363,1.0338036370379884,202.4,49.6,98.5,145.0
-13.0,-16.0,-7.0,37.0,48.0,3.0,26.0,14.0,144.0,46.0,119.0,139.0,0.12867387909649436,0.9758793147768553,0.012647246130344986,-0.17590521025323425,0.12048258398896974,0.3149390428224973,1.0425331161374078,us,0.10926438818218981,0.9842691440299612,-0.022453397665334107,-0.13700872424404806,0.12280421046940726,0.3641431424620115,1.0356642993637375,0.10123184218509373,0.9810416239510997,-0.06712538085931655,-0.15100870652943446,0.11991884326657021,0.4107308441801538,1.0309295662842048,1350.02616907001,1748.7942044097351,1713.394930653961,735.9741669244844,0.0430551997602876,0.12602603052994454,-0.9841839272387566,0.11681475406542016,0.2129765092804194,0.3443719588491251,1.0336779786741424,152.3,48.8,122.0,144.5
18.0,-18.0,-16.0,25.0,72.0,9.0,2.0,14.0,219.0,51.0,90.0,126.0,0.12824023836546758,0.9787021126856346,0.014856066134116969,-0.1596117576736188,0.12123999285573483,0.3149957862690456,1.0423988883011732,us,0.10854681742679953,0.9866534899825281,-0.020265762988836727,-0.11967363110681628,0.12413651906215398,0.3643340352955098,1.0354063061565766,0.09367947653653358,0.9808314569304293,-0.06588790297125244,-0.1576470520296005,0.12004185664780204,0.4124866871703943,1.0305216084755147,1631.9639916571607,923.9859340040975,2481.7962437663864,943.5676394294594,0.03849635539958396,0.12866116766923713,-0.984075578709777,0.1164456523102306,0.21325282490897826,0.34429548246735875,1.0336011686150908,231.2,54.8,91.4,129.2
3.0,-12.0,-19.0,30.0,55.0,7.0,6.0,10.0,205.0,34.0,118.0,136.0,0.12704240485574705,0.9792097789028337,0.015454781249976929,-0.15738356332872833,0.12114059306344735,0.3153203365692643,1.0423377952280883,us,0.10862003206021428,0.9861728855454477,-0.020734556992158232,-0.12342935873017644,0.12360144652544933,0.36436216098635354,1.0354989163312855,0.10107893747507943,0.9812272364797852,-0.06697243777680642,-0.1499695014574101,0.12006775228453631,0.4107830245504506,1.030877637067237,2151.3606848169156,1050.940621208636,7886.808603310138,1058.0238652073801,0.04713703568247429,0.12620380035385592,-0.9839021374314145,0.11741926844094233,0.21253278312342808,0.34424684889820634,1.0337937304622429,212.3,36.7,119.7,139.6
8.0,-13.0,-15.0,26.0,74.0,9.0,9.0,15.0,203.0,44.0,91.0,140.0,0.1301754488398669,0.9778823325280142,0.013814578891601786,-0.16312465680870342,0.12093277366425467,0.3145337736889131,1.04255749019186,us,0.10782660463847615,0.9850455802791045,-0.02161986749819475,-0.1326318567844871,0.12301649903067483,0.36452374046999503,1.0355390966640594,0.10120334835226344,0.9801924661325445,-0.06777608037368091,-0.1561634225690224,0.119842668435366,0.4106553872662959,1.0309178868246525,2000.5892835326058,965.6019202194999,3644.1936351190034,876.3061069185792,0.04332693156857359,0.12560187012214186,-0.9842245141979458,0.1168291610621692,0.21306015408992793,0.344403017859041,1.0336482045281548,216.2,46.8,92.7,143.2
9.0,-8.0,-12.0,32.0,55.0,6.0,-3.0,16.0,161.0,60.0,96.0,134.0,0.1326864497374023,0.9763894810466827,0.01224412481947032,-0.17002343592833996,0.12061136339592557,0.31390654003670715,1.0427836785399633,us,0.10636899414210002,0.9861365210656295,-0.020415731359629374,-0.1257123574626873,0.12319383296040806,0.364919280843143,1.035489099930444,0.09421490289424267,0.9810442126986862,-0.06582344717150115,-0.15602268618859141,0.11982990936722421,0.4124202997429983,1.0305838973859616,1162.5968028251557,1181.3121438998412,905.7982988684888,1000.1456124160504,0.043954908570088214,0.1267087709009404,-0.9840329323767831,0.11701299665984782,0.212495609012912,0.34421703178875507,1.033778567377484,170.4,60.8,96.8,138.7
4.0,-15.0,-14.0,35.0,54.0,9.0,7.0,12.0,214.0,40.0,98.0,138.0,0.12734074715677005,0.9792646869530639,0.015455518850602618,-0.15679966178960264,0.12142700254542402,0.3152622585037327,1.042294092108256,us,0.10867888806722506,0.9863903969828482,-0.020533682225899186,-0.12166039586791019,0.12375904053124168,0.3643656878894936,1.0354979824822115,0.09933600999974804,0.9807886967910266,-0.06698014800015994,-0.1539465788452814,0.12035411456917386,0.41112115001644467,1.030735168627324,1791.3526867135308,1650.3463115099285,2023.6619280172793,840.8779801610617,0.04764275795697742,0.1267064882703226,-0.9837971107252468,0.11755372547525794,0.21248650180722323,0.34422022000043406,1.0337970840170714,220.7,43.7,99.2,142.9
21.0,-11.0,-24.0,34.0,68.0,16.0,24.0,18.0,168.0,38.0,128.0,128.0,0.13099322772973415,0.9768686945731951,0.012866378893068325,-0.1685312556945705,0.12126195214341273,0.31438487798740355,1.0425497742834502,us,0.11184205405089648,0.9852570805241168,-0.02201804852616951,-0.12757368757651383,0.123845819842751,0.3635403261447723,1.0356795942731034,0.10148452010020717,0.981181235791998,-0.06710262998091904,-0.14993835986618562,0.12073252645101704,0.4106110252673199,1.03080748019367,1923.2865573408928,868.2004610958579,4831.383898874413,853.2518773769922,0.04562109366938877,0.12608335311283286,-0.9840172808446388,0.11718231470386811,0.21342972768593424,0.3444798143550302,1.033617614310896,182.5,42.7,132.4,133.7
32.0,-15.0,-9.0,11.0,71.0,5.0,23.0,16.0,195.0,38.0,100.0,135.0,0.13008080411217246,0.9775028054658784,0.01356961251317218,-0.1654784436840956,0.12115298508270286,0.31460902488742026,1.0425250155422292,us,0.10658066089187143,0.9865421059300616,-0.020118909012568575,-0.12235385343778557,0.12398169547286092,0.36489712879866465,1.0353935549017435,0.1007128975370854,0.9806100383303449,-0.06735456819625596,-0.15402670917259825,0.12068093931023849,0.41074023565068346,1.0307972049902716,1702.6392598532022,3674.7619014767624,3958.0225653271386,1023.2482956324499,0.04733309675561914,0.12653266222402193,-0.9838451461585093,0.11746400181488276,0.21273082689745132,0.34431044347633616,1.0337708081119432,210.0,41.2,103.0,136.4
4.0,-15.0,-16.0,42.0,33.0,4.0,11.0,13.0,152.0,39.0,103.0,141.0,0.1312982775469545,0.9779681874418125,0.013621550908930996,-0.1617202523366008,0.12121474055956521,0.31430787030997487,1.0425575142368695,us,0.10363670732224203,0.9865519976586649,-0.0197796640387852,-0.12483330365577253,0.1236413560254481,0.3656559366680571,1.0352119078355138,0.10039246139955921,0.9793669488336855,-0.06826517648817337,-0.16155989262615048,0.12004486697798519,0.4107956706710593,1.0308244153545867,1150.4306224159477,619.0342314072598,4108.0256398149695,958.5341578696512,0.044622228149683474,0.12754999717089077,-0.9838682403791661,0.11723114155320274,0.213220793024163,0.3443593472897726,1.0336339803037147,155.6,42.0,104.8,147.7
41.0,0.0,8.0,64.0,27.0,-3.0,0.0,51.0,127.0,79.0,88.0,298.0,0.1294947627962449,0.9653079288505144,0.005816716481590212,-0.22666688050098377,0.10565879335569198,0.3145578931343075,1.0456534557310764,ys,0.10990895635052661,0.9769752397021076,-0.027795430555828726,-0.18073963694542317,0.11235369819343335,0.36415688037141447,1.0371744188322327,0.099411611681087,0.9767550435682171,-0.0697142769717044,-0.17665456663594026,0.11293065298508406,0.4116692724130295,1.0319397448851062,494.36294761785814,3024.9800333181925,694.4243839956937,9196.501559576267,0.07803827253281304,0.11210513989692594,-0.9833637819191856,0.11974196440004456,0.20113811242970533,0.3426708736610378,1.0367332565343017,136.2,79.1,88.4,309.0
26.0,1.0,-8.0,133.0,19.0,-8.0,4.0,45.0,124.0,75.0,107.0,217.0,0.12857767139142456,0.9664838844799439,0.006747909391966428,-0.22210616645864445,0.10705051720542638,0.3148007992140035,1.045232574581398,ys,0.10868726836815892,0.9771907233025872,-0.027380999175350834,-0.18037640885158324,0.11408447768283553,0.3643860894537746,1.0368023548133736,0.09052547825523116,0.9777808220574489,-0.06713548732181121,-0.17675584331326555,0.11730528196764312,0.4133262485494811,1.0307874717337815,408.2960546807765,337.4006825644477,702.0393028907497,1843.5046965759486,0.08576621564144798,0.11558112603036785,-0.9821227811668585,0.12132601647285648,0.203342478486312,0.34276407708715595,1.0361906567193553,128.1,75.4,107.4,258.5
44.0,-2.0,-8.0,127.0,30.0,-1.0,3.0,47.0,126.0,72.0,98.0,267.0,0.12951928714573402,0.9673187322872225,0.0069053148566319555,-0.21787964808634974,0.10665283709022885,0.31458644858364104,1.045390092717669,ys,0.1084296812694561,0.9765139799570572,-0.02781046234338924,-0.18409244784205359,0.11286122903756987,0.3645208875765542,1.0369826708292962,0.09135029910386089,0.9778721153048726,-0.06732394638087341,-0.17575191380612043,0.1163833157612815,0.4132941680161377,1.0309388992695268,401.29947055902977,373.7645134279867,646.0042794466885,2846.1167252206646,0.07992388506708292,0.12062819911542028,-0.9820101683129944,0.12131380590781102,0.20227140008382694,0.3422060941471684,1.03657400568949,136.8,72.0,98.4,299.4
30.0,2.0,2.0,104.0,19.0,-4.0,-4.0,59.0,124.0,74.0,102.0,307.0,0.1301978516735192,0.961068691035351,0.003283182339780394,-0.24368978485960724,0.10561479102659477,0.31441436504844,1.0457496531409283,ys,0.10944831350887249,0.974350962136568,-0.029323192860106817,-0.1944258717714722,0.11221481721500212,0.3641829269489887,1.0371989065014686,0.09347695373158108,0.9769682778282951,-0.06829666431161555,-0.17925012937843382,0.11524273436857316,0.41280050112348243,1.0312517701563393,466.5992559485064,403.69235260563096,713.0416965973768,5164.91866499637,0.08310204895983547,0.11374939303567705,-0.9826453390295105,0.12067834406500302,0.20078369763362036,0.34242134943944497,1.0369312163879745,129.0,74.1,102.1,329.5
31.0,0.0,-3.0,155.0,33.0,-1.0,5.0,47.0,139.0,93.0,109.0,254.0,0.12954107002896997,0.96464652875837,0.005417717294968816,-0.22944897922956548,0.10743918060409197,0.31458341343638163,1.0452407779216664,ys,0.10814550118909036,0.9768884823391693,-0.027469314250714666,-0.1823153323783554,0.11422091856997005,0.3645071057647612,1.0367852451070023,0.08968384051477277,0.9787866078963245,-0.06636377173082164,-0.17184130689384905,0.11745742736789344,0.41361530964332305,1.0307473664611897,423.4992235634269,363.7303361197354,480.64334955564874,1100.801594009049,0.07595011071498153,0.11512482999372148,-0.98315917427728,0.11989950890523102,0.20379631975250023,0.3429578263957015,1.0359805421526034,146.2,93.0,109.2,301.2
30.0,-2.0,-8.0,72.0,21.0,-7.0,4.0,39.0,117.0,75.0,106.0,234.0,0.1298831498742237,0.9671933183277224,0.006726939051870717,-0.21822511462238076,0.10705458032847717,0.3145038390662531,1.0453306946647682,ys,0.10966802245812438,0.9770748854431903,-0.027741333518832012,-0.18035523696554473,0.11414782302301313,0.3641711578575779,1.036854256823594,0.09139909571225915,0.9787180590483755,-0.06682407486925407,-0.17114820832667188,0.11700252239954864,0.4132801582443554,1.0308538020447746,402.21551877599245,380.7155798444053,821.4639940787246,4650.14968694025,0.07176863887087015,0.12362169985989585,-0.9823534154109378,0.12061801287053714,0.20417217642695612,0.3424262698818761,1.0359990571835578,122.6,75.4,106.4,247.9
2.0,-1.0,-1.0,91.0,1.0,-9.0,1.0,44.0,105.0,77.0,100.0,295.0,0.12933033494406354,0.9610392718244778,0.003534587518515181,-0.24426356495680585,0.10570000382301395,0.3146622052420923,1.0456986308902896,ys,0.10844991139250032,0.976381239546199,-0.02785131248571593,-0.18477715273812972,0.1129013815367296,0.364498966766043,1.037046442650328,0.0911377063609553,0.9771323355353136,-0.06767461141707218,-0.17979561813379905,0.11606248024568003,0.4133031008532573,1.0310534094126456,503.4775077313685,449.0538538267264,812.1758553083109,2968.6070430444224,0.07074538760239468,0.12291845708167604,-0.9825521660655914,0.1203220013192168,0.20390245565974427,0.34245069498920644,1.0360782271654307,105.0,77.5,100.0,311.8
15.0,-1.0,-3.0,80.0,21.0,-7.0,1.0,55.0,138.0,81.0,108.0,293.0,0.1303288748249234,0.9614575569613182,0.0034617487254327284,-0.24207801809459129,0.10531459695205794,0.31435520952669926,1.0458288053331461,ys,0.11052110060977893,0.9799491923876132,-0.025919830961872337,-0.16374623361095958,0.11319262400018199,0.36406940637946544,1.037101191006339,0.09326938489448638,0.9774234586937147,-0.06796250842352194,-0.1769895524752892,0.11525226521360435,0.41286929544029527,1.0312348103636924,626.9425893421159,432.4523707003724,1056.4377725776599,14389.686943938048,0.07865466316961339,0.10941912674521559,-0.9836564246981343,0.11941916435008576,0.20067344238559948,0.34277575679787203,1.0368457064751837,140.4,81.3,108.0,308.7
19.0,1.0,1.0,102.0,26.0,-9.0,7.0,46.0,119.0,75.0,103.0,272.0,0.13049939430517393,0.9640178317870585,0.004804358841259043,-0.23155225375427685,0.10609359975481494,0.31433790954300345,1.0456456666992053,ys,0.10911231398399063,0.9771290911688201,-0.02751830155653784,-0.18043277199028562,0.11285954247139143,0.36434986627336907,1.0370767201584874,0.09413591356776027,0.9774551698489906,-0.06813591393334073,-0.17628760008779043,0.11618771513115514,0.41257123535598816,1.0311568306406604,402.0243888299323,415.7382658395573,923.9690936284092,4772.170499716961,0.07500700102918173,0.12245728571931042,-0.9822242977543665,0.12088669021777884,0.202231442856554,0.34209147124782524,1.036629367731107,123.3,75.5,103.2,294.1
32.0,1.0,2.0,74.0,30.0,-14.0,-3.0,50.0,142.0,53.0,87.0,299.0,0.13236322661777203,0.9657813045456124,0.005329621299657,-0.22297543175495604,0.10503662761217405,0.31381772956095844,1.0460153438277502,ys,0.10935626520810987,0.9802501448716596,-0.025435876871172297,-0.16280011334952482,0.11239491056079015,0.3643978988380766,1.0371727000725852,0.10136619314723533,0.9793015092268155,-0.0683385758577845,-0.16131735170974854,0.11210820575298713,0.4115180093761037,1.0320485642985218,466.1158978856194,337.8076503294758,602.9714526413278,25898.698013877547,0.082158968550548,0.11746268975199509,-0.9822261080961656,0.12117876454724094,0.2015925009255582,0.3422512599536173,1.0367080979720071,148.6,54.8,87.1,312.1
6.0,-2.0,-6.0,108.0,19.0,-3.0,-2.0,40.0,133.0,77.0,98.0,227.0,0.12979311737122062,0.9636235394537418,0.004819676738678863,-0.23358123128761238,0.10690586510198677,0.3145131274837075,1.0453940969960995,ys,0.1099585428765987,0.9768630948175829,-0.027852972477177163,-0.18130588726253333,0.11340310944170781,0.3640896923353967,1.037030177623465,0.09431861209317968,0.9783125756770232,-0.06761520265080179,-0.17157123318171655,0.11643997112777069,0.41256022858241265,1.0311216530856067,429.6896645415418,389.4898453829277,605.9783122353406,1665.1269931909826,0.07203610193739185,0.12174387020624677,-0.9826005656085918,0.12035513512328844,0.20418470078051526,0.34256765315249205,1.0359645849183479,134.5,77.1,98.2,254.5
42.0,1.0,8.0,82.0,32.0,-3.0,3.0,48.0,143.0,81.0,98.0,272.0,0.1323913238775136,0.9684040771999988,0.006894797853007006,-0.21123101663095184,0.10726705547755916,0.31384810442006783,1.0454908885959693,ys,0.10976785166226549,0.9768689663465087,-0.027791126262485005,-0.18139926855314953,0.11283426681291808,0.3641749266442266,1.0371257353665673,0.09642402327803926,0.9767502987197771,-0.06903494888313541,-0.17859293804180498,0.11418502573987557,0.41221787730011494,1.031609952535425,449.72860890564255,479.9989674681172,740.1637626437569,15227.825841983327,0.07668996013477025,0.10938493716960246,-0.9838538548042002,0.11910154458210967,0.20177019832728763,0.3430460128471732,1.036472590350054,152.4,81.1,98.4,288.1
10.0,-2.0,-4.0,98.0,24.0,-7.0,4.0,40.0,128.0,75.0,87.0,223.0,0.1298038012758749,0.9616657885156075,0.0037073506929021782,-0.24152875589425782,0.10626884063207068,0.31453656672361296,1.04552740308146,ys,0.11059207307202554,0.9761604885195657,-0.02849110385570902,-0.18457613883695162,0.11303315264775887,0.36394885368900176,1.0370914576795818,0.09594668225640002,0.9778511832302008,-0.06829880606356081,-0.1730218792799872,0.11574308886043208,0.41224183650607016,1.0312648462278502,487.83031279198593,354.55938578074824,804.0033454930124,7314.481356089042,0.07886660990876904,0.12240357843280725,-0.9818576528252032,0.12146181052875824,0.20333090436052031,0.3422818847221763,1.0362684542288758,130.6,75.4,87.2,246.8
35.0,-3.0,-9.0,81.0,23.0,-6.0,2.0,46.0,126.0,80.0,108.0,261.0,0.13146389873080117,0.9676606505426983,0.0065792667003588545,-0.21519019952466445,0.10734522983559255,0.31411291255972273,1.0453238430474263,ys,0.1082981075638055,0.9770994101672009,-0.027415587205982195,-0.1810984487154914,0.11354205897374753,0.36454274368486395,1.0368362731272978,0.09026607919960672,0.9773312400963854,-0.06740532170086566,-0.17925458064996347,0.11714049920302272,0.41340969129947125,1.0307655975550474,472.31563523467025,403.4793782888204,605.9013640182992,4576.498566744769,0.08034024304213988,0.11400376364064324,-0.9828870513638637,0.12033965051033158,0.20345250990303837,0.3429555780421025,1.0360443122561704,132.8,80.3,108.4,277.1
37.0,-4.0,-1.0,120.0,30.0,-6.0,2.0,44.0,126.0,78.0,106.0,250.0,0.12975723164885,0.9676040833712296,0.00704508451893876,-0.21646192612621323,0.10711036726227752,0.3145157185339619,1.045319229777966,ys,0.10768990750482749,0.9766693741207039,-0.027509517151042606,-0.18374722839376367,0.11322601176604899,0.36467274258181215,1.0369069465854666,0.09115569260249862,0.9770179932320295,-0.06775794075158756,-0.18037555841111302,0.11696613423756494,0.4131636750534268,1.0308867629352783,377.7160128165363,353.42005269837466,679.7958256516315,2953.8487031658487,0.07837763206228171,0.12300528790765303,-0.9818220910441459,0.12145792471784739,0.20315459938987074,0.3422113107314335,1.036349846444681,134.7,78.3,106.0,280.8
14.0,-7.0,-5.0,87.0,23.0,-6.0,5.0,46.0,131.0,64.0,111.0,315.0,0.1274285480312588,0.9672846581599511,0.007476115946848549,-0.21924065071373305,0.10684463985845963,0.3151162371043599,1.045222470193011,ys,0.10828040210872389,0.9773319318782301,-0.027247839638465887,-0.1798755255318935,0.11309366549295238,0.36458715085706933,1.0369522818852726,0.09150526002727999,0.9770682850793181,-0.06782708487912067,-0.1798995281714221,0.11650605773683484,0.4131758887334618,1.030965824990337,641.68359178113,337.48032463309397,751.7437240612596,6671.362405517209,0.08110032082850022,0.123689973546943,-0.9814553343601522,0.12193832482641728,0.20148131790587986,0.3418159860849148,1.0369412723533578,133.7,64.7,111.2,330.0
25.0,-1.0,1.0,110.0,14.0,-6.0,3.0,54.0,124.0,70.0,107.0,293.0,0.1301407059752826,0.961854462171101,0.003707648222221943,-0.24059435486822617,0.10617942612031653,0.31443838566896637,1.0456110208329175,ys,0.10936609469072789,0.9752499397785523,-0.028771569916889506,-0.18999686591769566,0.11289624489982542,0.3642117544403356,1.037094953044606,0.09043886520847472,0.9770081941378344,-0.06759694558106663,-0.18084925544619201,0.11620671893345119,0.4134226865476508,1.0309769474034538,425.5397543718679,339.2215773956658,654.093041944354,3232.7150066410427,0.06912913027705486,0.1084434460078394,-0.9846500022728046,0.11800659044837028,0.20176570081401843,0.3431642961332303,1.0364298152236109,127.3,70.3,107.0,317.6
31.0,-4.0,-9.0,96.0,29.0,-5.0,-2.0,52.0,123.0,79.0,108.0,294.0,0.13040360348073843,0.9632151831886805,0.004309918145425029,-0.2349315553083814,0.10632350343809915,0.3144130918326461,1.0455557649725677,ys,0.11014378614400033,0.9764988249453879,-0.02822610301853995,-0.1830892633731644,0.11325337191655477,0.3640973553271387,1.0370335522689411,0.08822742897319516,0.9772270438074115,-0.06700947786795652,-0.18097777627120804,0.11639527765960689,0.41401428895296444,1.0308235156505319,419.4373800462394,428.53386703545283,660.6248806293559,4316.718753731453,0.07581226488399195,0.1106079304183864,-0.983771689241664,0.11921262377921346,0.20186295387033412,0.34297583767402295,1.0364656756607455,130.1,79.3,108.4,313.6
28.0,2.0,4.0,61.0,27.0,-5.0,0.0,41.0,129.0,80.0,89.0,179.0,0.13023534864557973,0.9655204852767544,0.005727238561030301,-0.22533562792548034,0.10716219244466246,0.31441446254424416,1.0453446312229788,ys,0.11032429184057646,0.9782319829632496,-0.027062198792549397,-0.17366166973220182,0.1141486054807383,0.36403537359743254,1.0369027061471976,0.09477488054943775,0.9773565139386553,-0.06833730485533054,-0.17641422687421857,0.11521466816085094,0.4125517133324999,1.031337905367609,443.80935083848794,363.8399651510017,824.6078173004322,1710.0603991809899,0.07027996739147663,0.11662450591109114,-0.9834708018356302,0.11935088077274195,0.20451418159753332,0.34304773621065987,1.0357465509076833,134.7,80.2,89.1,193.5
23.0,-1.0,-5.0,108.0,24.0,-6.0,-1.0,41.0,119.0,68.0,106.0,230.0,0.13141477250480305,0.965830719710291,0.005594143236726773,-0.22331565998124547,0.10692979268234767,0.31410592766610995,1.0454648332042975,ys,0.10820335783134888,0.9771953566830758,-0.027253447629304955,-0.18066133461085054,0.11385461791763032,0.36452135373946776,1.036823228058828,0.09055024630224745,0.9776385860190521,-0.06721038790862957,-0.17749989233360772,0.117240837075377,0.4133197990631945,1.0308099676053217,442.65519668375623,346.70242054719154,686.9161080642634,4535.533793087939,0.0754873018186803,0.12262042449162996,-0.9821568906988278,0.12096999964635283,0.20407750180674714,0.3424597244488714,1.0360306949940763,123.6,68.3,106.1,257.4
20.0,0.0,-5.0,69.0,24.0,-10.0,4.0,43.0,127.0,85.0,98.0,269.0,0.1284571833817024,0.9640091086904795,0.005362570321652327,-0.2327153480949895,0.10684485809134808,0.314876045794624,1.045287194760601,ys,0.10928076578763699,0.9773070925318961,-0.027477421903442933,-0.17936987595820003,0.11411754526035064,0.36427376688144397,1.0368324674905955,0.0910792558131858,0.9778642217839699,-0.06724663235472622,-0.1759659721431835,0.11688685185115663,0.413290697339931,1.030879280054422,512.3987354667265,433.9642504057448,592.1493219331361,7739.182437823623,0.07818634411317277,0.11419334226462347,-0.9830732108577984,0.12005764561405527,0.2032207873765067,0.34292276182280207,1.0361301171715098,130.8,85.6,98.2,281.0
22.0,0.0,-1.0,77.0,24.0,-2.0,-2.0,42.0,133.0,78.0,112.0,227.0,0.13233040471500912,0.9641516404252688,0.0043122518751691485,-0.2299601764153728,0.10738025884829508,0.31390592910444026,1.045411222516056,ys,0.10882950206988498,0.976338782983484,-0.027987585101880874,-0.1847577208176014,0.11397449995902939,0.3643425361634176,1.0368403629039387,0.0870907290876296,0.9784904918183364,-0.06597984191230208,-0.17498063546953568,0.117913066825479,0.4141685853654848,1.0305224092185012,463.2757440589887,405.7854486383479,566.035670478293,2623.977838130284,0.07289035722016546,0.11502536519648715,-0.9834521964361423,0.11949032810507285,0.20417928968099397,0.34306821839844803,1.0358095807939007,136.9,78.0,112.0,243.4
